SMILES,T(k),P(Mpa),x1,y1,ESP_max_pos,ESP_max_neg,r_peak,g_peak,SDF_folder,solvent_type
CC(C)OC(C)C,253.15,0.321,0.1508,0.995483,NaN,NaN,NaN,NaN,NaN,ether
CC(C)OC(C)C,253.15,0.423,0.2028,0.996418,NaN,NaN,NaN,NaN,NaN,ether
CC(C)OC(C)C,253.15,0.623,0.3019,0.997713,NaN,NaN,NaN,NaN,NaN,ether
CC(C)OC(C)C,253.15,0.795,0.3817,0.998186,NaN,NaN,NaN,NaN,NaN,ether
CC(C)OC(C)C,253.15,1.063,0.5184,0.998663,NaN,NaN,NaN,NaN,NaN,ether
CC(C)OC(C)C,253.15,1.217,0.5748,0.998852,NaN,NaN,NaN,NaN,NaN,ether
CC(C)OC(C)C,253.15,1.402,0.6916,0.99907,NaN,NaN,NaN,NaN,NaN,ether
CC(C)OC(C)C,253.15,1.559,0.7842,0.999175,NaN,NaN,NaN,NaN,NaN,ether
CC(C)OC(C)C,253.15,1.608,0.8221,0.999281,NaN,NaN,NaN,NaN,NaN,ether
CC(C)OC(C)C,253.15,1.702,0.8778,0.999346,NaN,NaN,NaN,NaN,NaN,ether
CC(C)OC(C)C,253.15,1.757,0.9165,0.999531,NaN,NaN,NaN,NaN,NaN,ether
C(C(CO)O)O,353.2,6.55,0.019,NaN,NaN,NaN,NaN,NaN,NaN,alcohol
C(C(CO)O)O,353.2,7.35,0.03,NaN,NaN,NaN,NaN,NaN,NaN,alcohol
C(C(CO)O)O,353.2,9.66,0.045,NaN,NaN,NaN,NaN,NaN,NaN,alcohol
C(C(CO)O)O,353.2,22.63,0.075,NaN,NaN,NaN,NaN,NaN,NaN,alcohol
C(C(CO)O)O,353.2,25.58,0.089,NaN,NaN,NaN,NaN,NaN,NaN,alcohol
C(C(CO)O)O,393.2,4.21,0.019,NaN,NaN,NaN,NaN,NaN,NaN,alcohol
C(C(CO)O)O,393.2,9.5,0.03,NaN,NaN,NaN,NaN,NaN,NaN,alcohol
C(C(CO)O)O,393.2,13.28,0.041,NaN,NaN,NaN,NaN,NaN,NaN,alcohol
C(C(CO)O)O,393.2,17.24,0.062,NaN,NaN,NaN,NaN,NaN,NaN,alcohol
C(C(CO)O)O,393.2,23.85,0.075,NaN,NaN,NaN,NaN,NaN,NaN,alcohol
C(C(CO)O)O,393.2,27.76,0.089,NaN,NaN,NaN,NaN,NaN,NaN,alcohol
C(C(CO)O)O,423.2,4.89,0.019,NaN,NaN,NaN,NaN,NaN,NaN,alcohol
C(C(CO)O)O,423.2,13.94,0.031,NaN,NaN,NaN,NaN,NaN,NaN,alcohol
C(C(CO)O)O,423.2,18.52,0.045,NaN,NaN,NaN,NaN,NaN,NaN,alcohol
C(C(CO)O)O,423.2,24.12,0.062,NaN,NaN,NaN,NaN,NaN,NaN,alcohol
C(C(CO)O)O,423.2,29.25,0.075,NaN,NaN,NaN,NaN,NaN,NaN,alcohol
C(C(CO)O)O,423.2,31.75,0.089,NaN,NaN,NaN,NaN,NaN,NaN,alcohol
C(CO)O,263.15,0.16,0.0069,NaN,NaN,NaN,NaN,NaN,NaN,alcohol
C(CO)O,263.15,0.69,0.031,NaN,NaN,NaN,NaN,NaN,NaN,alcohol
C(CO)O,263.15,0.83,0.0359,NaN,NaN,NaN,NaN,NaN,NaN,alcohol
C(CO)O,263.15,2.69,0.1301,NaN,NaN,NaN,NaN,NaN,NaN,alcohol
C(CO)O,263.15,3.71,0.1251,NaN,NaN,NaN,NaN,NaN,NaN,alcohol
C(CO)O,263.15,8.23,0.1308,NaN,NaN,NaN,NaN,NaN,NaN,alcohol
C(CO)O,263.15,12.27,0.1354,NaN,NaN,NaN,NaN,NaN,NaN,alcohol
C(CO)O,263.15,24.99,0.1435,NaN,NaN,NaN,NaN,NaN,NaN,alcohol
C(CO)O,273.15,0.48,0.0165,NaN,NaN,NaN,NaN,NaN,NaN,alcohol
C(CO)O,273.15,1.04,0.0369,NaN,NaN,NaN,NaN,NaN,NaN,alcohol
C(CO)O,273.15,1.74,0.0609,NaN,NaN,NaN,NaN,NaN,NaN,alcohol
C(CO)O,273.15,3.54,0.1199,NaN,NaN,NaN,NaN,NaN,NaN,alcohol
C(CO)O,273.15,7.3,0.1253,NaN,NaN,NaN,NaN,NaN,NaN,alcohol
C(CO)O,273.15,11.98,0.1303,NaN,NaN,NaN,NaN,NaN,NaN,alcohol
C(CO)O,273.15,17.73,0.1337,NaN,NaN,NaN,NaN,NaN,NaN,alcohol
C(CO)O,273.15,25.92,0.135,NaN,NaN,NaN,NaN,NaN,NaN,alcohol
C(CO)O,283.15,0.59,0.0172,NaN,NaN,NaN,NaN,NaN,NaN,alcohol
C(CO)O,283.15,1.61,0.0474,NaN,NaN,NaN,NaN,NaN,NaN,alcohol
C(CO)O,283.15,3.52,0.0981,NaN,NaN,NaN,NaN,NaN,NaN,alcohol
C(CO)O,283.15,4.52,0.1226,NaN,NaN,NaN,NaN,NaN,NaN,alcohol
C(CO)O,283.15,16.57,0.1327,NaN,NaN,NaN,NaN,NaN,NaN,alcohol
C(CO)O,283.15,20.33,0.1339,NaN,NaN,NaN,NaN,NaN,NaN,alcohol
C(CO)O,297.15,0.49,0.0109,NaN,NaN,NaN,NaN,NaN,NaN,alcohol
C(CO)O,297.15,1.01,0.0193,NaN,NaN,NaN,NaN,NaN,NaN,alcohol
C(CO)O,297.15,6.46,0.1135,NaN,NaN,NaN,NaN,NaN,NaN,alcohol
C(CO)O,297.15,10.43,0.1202,NaN,NaN,NaN,NaN,NaN,NaN,alcohol
C(CO)O,297.15,17.84,0.1267,NaN,NaN,NaN,NaN,NaN,NaN,alcohol
C(CO)O,297.15,27.07,0.1308,NaN,NaN,NaN,NaN,NaN,NaN,alcohol
C(CO)O,323.15,0.43,0.007,NaN,NaN,NaN,NaN,NaN,NaN,alcohol
C(CO)O,323.15,0.45,0.0069,NaN,NaN,NaN,NaN,NaN,NaN,alcohol
C(CO)O,323.15,1.5,0.0277,NaN,NaN,NaN,NaN,NaN,NaN,alcohol
C(CO)O,323.15,1.53,0.0229,NaN,NaN,NaN,NaN,NaN,NaN,alcohol
C(CO)O,323.15,2.54,0.0353,NaN,NaN,NaN,NaN,NaN,NaN,alcohol
C(CO)O,323.15,3.79,0.0475,NaN,NaN,NaN,NaN,NaN,NaN,alcohol
C(CO)O,323.15,3.74,0.0513,NaN,NaN,NaN,NaN,NaN,NaN,alcohol
C(CO)O,323.15,10.34,0.1011,NaN,NaN,NaN,NaN,NaN,NaN,alcohol
C(CO)O,323.15,10.4,0.0985,NaN,NaN,NaN,NaN,NaN,NaN,alcohol
C(CO)O,323.15,15.23,0.115,NaN,NaN,NaN,NaN,NaN,NaN,alcohol
C(CO)O,323.15,15.28,0.1164,NaN,NaN,NaN,NaN,NaN,NaN,alcohol
C(CO)O,323.15,23.44,0.1281,NaN,NaN,NaN,NaN,NaN,NaN,alcohol
C(CO)O,323.15,23.57,0.1289,NaN,NaN,NaN,NaN,NaN,NaN,alcohol
C1=CC=CC=C1C(=O)C2=CC=CC=C2,308.15,2.313,0.1988,NaN,NaN,NaN,NaN,NaN,NaN,aromatic
C1=CC=CC=C1C(=O)C2=CC=CC=C2,308.15,2.423,0.2116,NaN,NaN,NaN,NaN,NaN,NaN,aromatic
C1=CC=CC=C1C(=O)C2=CC=CC=C2,308.15,3.009,0.252,NaN,NaN,NaN,NaN,NaN,NaN,aromatic
C1=CC=CC=C1C(=O)C2=CC=CC=C2,308.15,3.43,0.275,NaN,NaN,NaN,NaN,NaN,NaN,aromatic
C1=CC=CC=C1C(=O)C2=CC=CC=C2,308.15,3.285,0.276,NaN,NaN,NaN,NaN,NaN,NaN,aromatic
C1=CC=CC=C1C(=O)C2=CC=CC=C2,308.15,3.895,0.31,NaN,NaN,NaN,NaN,NaN,NaN,aromatic
C1=CC=CC=C1C(=O)C2=CC=CC=C2,308.15,3.604,0.315,NaN,NaN,NaN,NaN,NaN,NaN,aromatic
C1=CC=CC=C1C(=O)C2=CC=CC=C2,308.15,3.961,0.324,NaN,NaN,NaN,NaN,NaN,NaN,aromatic
C1=CC=CC=C1C(=O)C2=CC=CC=C2,308.15,4.361,0.343,NaN,NaN,NaN,NaN,NaN,NaN,aromatic
C1=CC=CC=C1C(=O)C2=CC=CC=C2,308.15,4.464,0.357,NaN,NaN,NaN,NaN,NaN,NaN,aromatic
C1=CC=CC=C1C(=O)C2=CC=CC=C2,308.15,4.74,0.367,NaN,NaN,NaN,NaN,NaN,NaN,aromatic
C1=CC=CC=C1C(=O)C2=CC=CC=C2,308.15,4.636,0.371,NaN,NaN,NaN,NaN,NaN,NaN,aromatic
C1=CC=CC=C1C(=O)C2=CC=CC=C2,308.15,5.171,0.403,NaN,NaN,NaN,NaN,NaN,NaN,aromatic
C1=CC=CC=C1C(=O)C2=CC=CC=C2,308.15,5.312,0.409,NaN,NaN,NaN,NaN,NaN,NaN,aromatic
C1=CC=CC=C1C(=O)C2=CC=CC=C2,308.15,5.326,0.414,NaN,NaN,NaN,NaN,NaN,NaN,aromatic
C1=CC=CC=C1C(=O)C2=CC=CC=C2,308.15,5.933,0.44,NaN,NaN,NaN,NaN,NaN,NaN,aromatic
C1=CC=CC=C1C(=O)C2=CC=CC=C2,308.15,5.926,0.452,NaN,NaN,NaN,NaN,NaN,NaN,aromatic
C1=CC=CC=C1C(=O)C2=CC=CC=C2,308.15,6.595,0.493,NaN,NaN,NaN,NaN,NaN,NaN,aromatic
C1=CC=CC=C1C(=O)C2=CC=CC=C2,323.15,1.265,0.1044,NaN,NaN,NaN,NaN,NaN,NaN,aromatic
C1=CC=CC=C1C(=O)C2=CC=CC=C2,323.15,1.479,0.1055,NaN,NaN,NaN,NaN,NaN,NaN,aromatic
C1=CC=CC=C1C(=O)C2=CC=CC=C2,323.15,1.589,0.1161,NaN,NaN,NaN,NaN,NaN,NaN,aromatic
C1=CC=CC=C1C(=O)C2=CC=CC=C2,323.15,1.851,0.1393,NaN,NaN,NaN,NaN,NaN,NaN,aromatic
C1=CC=CC=C1C(=O)C2=CC=CC=C2,323.15,2.603,0.1825,NaN,NaN,NaN,NaN,NaN,NaN,aromatic
C1=CC=CC=C1C(=O)C2=CC=CC=C2,323.15,2.858,0.1929,NaN,NaN,NaN,NaN,NaN,NaN,aromatic
C1=CC=CC=C1C(=O)C2=CC=CC=C2,323.15,2.913,0.1973,NaN,NaN,NaN,NaN,NaN,NaN,aromatic
C1=CC=CC=C1C(=O)C2=CC=CC=C2,323.15,2.865,0.2035,NaN,NaN,NaN,NaN,NaN,NaN,aromatic
C1=CC=CC=C1C(=O)C2=CC=CC=C2,323.15,3.609,0.238,NaN,NaN,NaN,NaN,NaN,NaN,aromatic
C1=CC=CC=C1C(=O)C2=CC=CC=C2,323.15,4.085,0.265,NaN,NaN,NaN,NaN,NaN,NaN,aromatic
C1=CC=CC=C1C(=O)C2=CC=CC=C2,323.15,4.45,0.286,NaN,NaN,NaN,NaN,NaN,NaN,aromatic
C1=CC=CC=C1C(=O)C2=CC=CC=C2,323.15,5.333,0.334,NaN,NaN,NaN,NaN,NaN,NaN,aromatic
C1=CC=CC=C1C(=O)C2=CC=CC=C2,323.15,6.078,0.37,NaN,NaN,NaN,NaN,NaN,NaN,aromatic
C1=CC=CC=C1C(=O)C2=CC=CC=C2,323.15,6.774,0.403,NaN,NaN,NaN,NaN,NaN,NaN,aromatic
C1=CC=CC=C1CO,298.15,1.68,0.1456,0.9981,NaN,NaN,NaN,NaN,NaN,aromatic
C1=CC=CC=C1CO,298.15,2.74,0.2628,0.9974,NaN,NaN,NaN,NaN,NaN,aromatic
C1=CC=CC=C1CO,298.15,4.2,0.3233,0.9999,NaN,NaN,NaN,NaN,NaN,aromatic
C1=CC=CC=C1CO,298.15,7.4,0.4039,0.9951,NaN,NaN,NaN,NaN,NaN,aromatic
C1=CC=CC=C1CO,298.15,8.92,0.4117,0.9963,NaN,NaN,NaN,NaN,NaN,aromatic
C1=CC=CC=C1CO,298.15,11.94,0.4202,0.9916,NaN,NaN,NaN,NaN,NaN,aromatic
C1=CC=CC=C1CO,298.15,14.02,0.4233,0.9915,NaN,NaN,NaN,NaN,NaN,aromatic
C1=CC=CC=C1CO,298.15,16.11,0.4327,0.9878,NaN,NaN,NaN,NaN,NaN,aromatic
C1=CC=CC=C1CO,303.35,1.03,0.1681,0.9988,NaN,NaN,NaN,NaN,NaN,aromatic
C1=CC=CC=C1CO,303.35,2.48,0.2418,0.9995,NaN,NaN,NaN,NaN,NaN,aromatic
C1=CC=CC=C1CO,303.35,4.05,0.295,0.9994,NaN,NaN,NaN,NaN,NaN,aromatic
C1=CC=CC=C1CO,303.35,6.11,0.3484,0.9998,NaN,NaN,NaN,NaN,NaN,aromatic
C1=CC=CC=C1CO,303.35,10.55,0.4106,0.9989,NaN,NaN,NaN,NaN,NaN,aromatic
C1=CC=CC=C1CO,303.35,13.5,0.4209,0.9972,NaN,NaN,NaN,NaN,NaN,aromatic
C1=CC=CC=C1CO,313.15,1.67,0.1586,0.9955,NaN,NaN,NaN,NaN,NaN,aromatic
C1=CC=CC=C1CO,313.15,3.86,0.2399,0.9969,NaN,NaN,NaN,NaN,NaN,aromatic
C1=CC=CC=C1CO,313.15,5.63,0.3189,0.9997,NaN,NaN,NaN,NaN,NaN,aromatic
C1=CC=CC=C1CO,313.15,8.17,0.365,0.9991,NaN,NaN,NaN,NaN,NaN,aromatic
C1=CC=CC=C1CO,313.15,11.96,0.4052,0.9889,NaN,NaN,NaN,NaN,NaN,aromatic
C1=CC=CC=C1CO,313.15,15.81,0.4064,0.9905,NaN,NaN,NaN,NaN,NaN,aromatic
C1=CC=CC=C1CO,313.15,14.02,0.4085,0.9864,NaN,NaN,NaN,NaN,NaN,aromatic
C1=CC=CC=C1CO,333.15,1,0.0379,0.9996,NaN,NaN,NaN,NaN,NaN,aromatic
C1=CC=CC=C1CO,333.15,2,0.0753,0.9997,NaN,NaN,NaN,NaN,NaN,aromatic
C1=CC=CC=C1CO,333.15,3,0.11,0.9997,NaN,NaN,NaN,NaN,NaN,aromatic
C1=CC=CC=C1CO,333.15,4,0.144,0.9997,NaN,NaN,NaN,NaN,NaN,aromatic
C1=CC=CC=C1CO,333.15,5,0.183,0.9997,NaN,NaN,NaN,NaN,NaN,aromatic
C1=CC=CC=C1CO,333.15,6,0.214,0.9997,NaN,NaN,NaN,NaN,NaN,aromatic
C1=CC=CC=C1CO,333.15,9,0.286,0.9992,NaN,NaN,NaN,NaN,NaN,aromatic
C1=CC=CC=C1CO,333.15,12,0.356,0.9981,NaN,NaN,NaN,NaN,NaN,aromatic
C1=CC=CC=C1CO,333.15,15,0.419,0.9952,NaN,NaN,NaN,NaN,NaN,aromatic
C1=CC=CC=C1CO,333.15,19,0.485,0.9894,NaN,NaN,NaN,NaN,NaN,aromatic
C1=CC=CC=C1CO,393.15,1,0.0238,0.9933,NaN,NaN,NaN,NaN,NaN,aromatic
C1=CC=CC=C1CO,393.15,2,0.0449,0.9965,NaN,NaN,NaN,NaN,NaN,aromatic
C1=CC=CC=C1CO,393.15,3,0.0704,0.9973,NaN,NaN,NaN,NaN,NaN,aromatic
C1=CC=CC=C1CO,393.15,4,0.092,0.9976,NaN,NaN,NaN,NaN,NaN,aromatic
C1=CC=CC=C1CO,393.15,5,0.118,0.9979,NaN,NaN,NaN,NaN,NaN,aromatic
C1=CC=CC=C1CO,393.15,6,0.141,0.9977,NaN,NaN,NaN,NaN,NaN,aromatic
C1=CC=CC=C1CO,393.15,9,0.214,0.9965,NaN,NaN,NaN,NaN,NaN,aromatic
C1=CC=CC=C1CO,393.15,12,0.286,0.9952,NaN,NaN,NaN,NaN,NaN,aromatic
C1=CC=CC=C1CO,393.15,15,0.337,0.9927,NaN,NaN,NaN,NaN,NaN,aromatic
C1=CC=CC=C1CO,393.15,19,0.416,0.9855,NaN,NaN,NaN,NaN,NaN,aromatic
C1=CC=CC=C1CO,453.15,1,0.0191,0.9593,NaN,NaN,NaN,NaN,NaN,aromatic
C1=CC=CC=C1CO,453.15,2,0.0382,0.9705,NaN,NaN,NaN,NaN,NaN,aromatic
C1=CC=CC=C1CO,453.15,3,0.0558,0.9764,NaN,NaN,NaN,NaN,NaN,aromatic
C1=CC=CC=C1CO,453.15,4,0.0781,0.9801,NaN,NaN,NaN,NaN,NaN,aromatic
C1=CC=CC=C1CO,453.15,5,0.0961,0.9828,NaN,NaN,NaN,NaN,NaN,aromatic
C1=CC=CC=C1CO,453.15,6,0.116,0.9838,NaN,NaN,NaN,NaN,NaN,aromatic
C1=CC=CC=C1CO,453.15,9,0.179,0.9845,NaN,NaN,NaN,NaN,NaN,aromatic
C1=CC=CC=C1CO,453.15,12,0.225,0.9839,NaN,NaN,NaN,NaN,NaN,aromatic
C1=CC=CC=C1CO,453.15,15,0.277,0.9829,NaN,NaN,NaN,NaN,NaN,aromatic
C1=CC=CC=C1CO,453.15,19,0.327,0.9795,NaN,NaN,NaN,NaN,NaN,aromatic
C1CCC(=O)CC1,293,3.53,0.598,NaN,NaN,NaN,NaN,NaN,NaN,ketone
C1CCC(=O)CC1,293,4.58,0.691,NaN,NaN,NaN,NaN,NaN,NaN,ketone
C1CCC(=O)CC1,293,4.74,0.77,NaN,NaN,NaN,NaN,NaN,NaN,ketone
C1CCC(=O)CC1,293,4.87,0.839,NaN,NaN,NaN,NaN,NaN,NaN,ketone
C1CCC(=O)CC1,293,5,0.905,NaN,NaN,NaN,NaN,NaN,NaN,ketone
C1CCC(=O)CC1,293,5.18,0.952,NaN,NaN,NaN,NaN,NaN,NaN,ketone
C1CCC(=O)CC1,293,5.25,0.977,NaN,NaN,NaN,NaN,NaN,NaN,ketone
C1CCC(=O)CC1,293,5.51,0.991,NaN,NaN,NaN,NaN,NaN,NaN,ketone
C1CCC(=O)CC1,303,4.43,0.598,NaN,NaN,NaN,NaN,NaN,NaN,ketone
C1CCC(=O)CC1,303,5.51,0.691,NaN,NaN,NaN,NaN,NaN,NaN,ketone
C1CCC(=O)CC1,303,5.71,0.77,NaN,NaN,NaN,NaN,NaN,NaN,ketone
C1CCC(=O)CC1,303,5.98,0.839,NaN,NaN,NaN,NaN,NaN,NaN,ketone
C1CCC(=O)CC1,303,6.22,0.905,NaN,NaN,NaN,NaN,NaN,NaN,ketone
C1CCC(=O)CC1,303,6.36,0.952,NaN,NaN,NaN,NaN,NaN,NaN,ketone
C1CCC(=O)CC1,303,6.52,0.977,NaN,NaN,NaN,NaN,NaN,NaN,ketone
C1CCC(=O)CC1,303,6.81,0.991,NaN,NaN,NaN,NaN,NaN,NaN,ketone
C1CCC(=O)CC1,313,5.48,0.598,NaN,NaN,NaN,NaN,NaN,NaN,ketone
C1CCC(=O)CC1,313,6.57,0.691,NaN,NaN,NaN,NaN,NaN,NaN,ketone
C1CCC(=O)CC1,313,6.76,0.77,NaN,NaN,NaN,NaN,NaN,NaN,ketone
C1CCC(=O)CC1,313,7.34,0.839,NaN,NaN,NaN,NaN,NaN,NaN,ketone
C1CCC(=O)CC1,313,7.58,0.905,NaN,NaN,NaN,NaN,NaN,NaN,ketone
C1CCC(=O)CC1,313,7.79,0.952,NaN,NaN,NaN,NaN,NaN,NaN,ketone
C1CCC(=O)CC1,313,7.91,0.977,NaN,NaN,NaN,NaN,NaN,NaN,ketone
C1CCC(=O)CC1,313,8,0.991,NaN,NaN,NaN,NaN,NaN,NaN,ketone
C1CCC(=O)CC1,323,6.43,0.598,NaN,NaN,NaN,NaN,NaN,NaN,ketone
C1CCC(=O)CC1,323,7.83,0.691,NaN,NaN,NaN,NaN,NaN,NaN,ketone
C1CCC(=O)CC1,323,8.06,0.77,NaN,NaN,NaN,NaN,NaN,NaN,ketone
C1CCC(=O)CC1,323,8.8,0.839,NaN,NaN,NaN,NaN,NaN,NaN,ketone
C1CCC(=O)CC1,323,9.15,0.905,NaN,NaN,NaN,NaN,NaN,NaN,ketone
C1CCC(=O)CC1,323,9.32,0.952,NaN,NaN,NaN,NaN,NaN,NaN,ketone
C1CCC(=O)CC1,433.5,3.03,0.103,0.946,NaN,NaN,NaN,NaN,NaN,ketone
C1CCC(=O)CC1,433.5,5.83,0.195,0.962,NaN,NaN,NaN,NaN,NaN,ketone
C1CCC(=O)CC1,433.5,9.55,0.315,0.961,NaN,NaN,NaN,NaN,NaN,ketone
C1CCC(=O)CC1,433.5,13.05,0.428,0.943,NaN,NaN,NaN,NaN,NaN,ketone
C1CCC(=O)CC1,433.5,16.49,0.528,0.927,NaN,NaN,NaN,NaN,NaN,ketone
C1CCC(=O)CC1,433.5,19.4,0.638,0.902,NaN,NaN,NaN,NaN,NaN,ketone
C1CCC(=O)CC1,433.5,21.3,0.736,0.865,NaN,NaN,NaN,NaN,NaN,ketone
C1CCC(=O)CC1,453.2,4.43,0.137,0.928,NaN,NaN,NaN,NaN,NaN,ketone
C1CCC(=O)CC1,453.2,8.93,0.276,0.943,NaN,NaN,NaN,NaN,NaN,ketone
C1CCC(=O)CC1,453.2,13.48,0.409,0.92,NaN,NaN,NaN,NaN,NaN,ketone
C1CCC(=O)CC1,453.2,17.46,0.531,0.904,NaN,NaN,NaN,NaN,NaN,ketone
C1CCC(=O)CC1,453.2,20.86,0.66,0.854,NaN,NaN,NaN,NaN,NaN,ketone
C1CCC(=O)CC1,453.2,21.52,0.714,0.843,NaN,NaN,NaN,NaN,NaN,ketone
C1CCC(CC1)O,303.8,1.09,0.049,NaN,NaN,NaN,NaN,NaN,NaN,alcohol
C1CCC(CC1)O,303.8,1.79,0.081,NaN,NaN,NaN,NaN,NaN,NaN,alcohol
C1CCC(CC1)O,303.8,2.52,0.115,NaN,NaN,NaN,NaN,NaN,NaN,alcohol
C1CCC(CC1)O,303.8,3.17,0.145,NaN,NaN,NaN,NaN,NaN,NaN,alcohol
C1CCC(CC1)O,303.8,3.69,0.17,NaN,NaN,NaN,NaN,NaN,NaN,alcohol
C1CCC(CC1)O,303.8,4.19,0.197,NaN,NaN,NaN,NaN,NaN,NaN,alcohol
C1CCC(CC1)O,303.8,4.69,0.225,NaN,NaN,NaN,NaN,NaN,NaN,alcohol
C1CCC(CC1)O,303.8,5.35,0.263,NaN,NaN,NaN,NaN,NaN,NaN,alcohol
C1CCC(CC1)O,303.8,5.91,0.297,NaN,NaN,NaN,NaN,NaN,NaN,alcohol
C1CCC(CC1)O,303.8,6.85,0.347,NaN,NaN,NaN,NaN,NaN,NaN,alcohol
C1CCC(CC1)O,313.6,1.26,0.049,NaN,NaN,NaN,NaN,NaN,NaN,alcohol
C1CCC(CC1)O,313.6,2,0.078,NaN,NaN,NaN,NaN,NaN,NaN,alcohol
C1CCC(CC1)O,313.6,2.28,0.092,NaN,NaN,NaN,NaN,NaN,NaN,alcohol
C1CCC(CC1)O,313.6,2.78,0.115,NaN,NaN,NaN,NaN,NaN,NaN,alcohol
C1CCC(CC1)O,313.6,3.35,0.141,NaN,NaN,NaN,NaN,NaN,NaN,alcohol
C1CCC(CC1)O,313.6,3.91,0.166,NaN,NaN,NaN,NaN,NaN,NaN,alcohol
C1CCC(CC1)O,313.6,4.44,0.189,NaN,NaN,NaN,NaN,NaN,NaN,alcohol
C1CCC(CC1)O,313.6,5.05,0.219,NaN,NaN,NaN,NaN,NaN,NaN,alcohol
C1CCC(CC1)O,313.6,5.59,0.245,NaN,NaN,NaN,NaN,NaN,NaN,alcohol
C1CCC(CC1)O,313.6,6.26,0.277,NaN,NaN,NaN,NaN,NaN,NaN,alcohol
C1CCC(CC1)O,313.6,6.87,0.308,NaN,NaN,NaN,NaN,NaN,NaN,alcohol
C1CCC(CC1)O,333.15,1,0.0345,0.9985,NaN,NaN,NaN,NaN,NaN,alcohol
C1CCC(CC1)O,333.15,2,0.0686,0.9992,NaN,NaN,NaN,NaN,NaN,alcohol
C1CCC(CC1)O,333.15,3,0.103,0.9995,NaN,NaN,NaN,NaN,NaN,alcohol
C1CCC(CC1)O,333.15,4,0.135,0.9995,NaN,NaN,NaN,NaN,NaN,alcohol
C1CCC(CC1)O,333.15,5.5,0.185,0.9993,NaN,NaN,NaN,NaN,NaN,alcohol
C1CCC(CC1)O,333.15,7,0.239,0.9984,NaN,NaN,NaN,NaN,NaN,alcohol
C1CCC(CC1)O,333.15,9,0.308,0.9963,NaN,NaN,NaN,NaN,NaN,alcohol
C1CCC(CC1)O,333.15,11.1,0.375,0.9916,NaN,NaN,NaN,NaN,NaN,alcohol
C1CCC(CC1)O,333.15,13,0.436,0.9826,NaN,NaN,NaN,NaN,NaN,alcohol
C1CCC(CC1)O,333.15,15,0.502,0.9694,NaN,NaN,NaN,NaN,NaN,alcohol
C1CCC(CC1)O,333.15,17,0.571,0.9532,NaN,NaN,NaN,NaN,NaN,alcohol
C1CCC(CC1)O,333.15,19,0.637,0.9349,NaN,NaN,NaN,NaN,NaN,alcohol
C1CCC(CC1)O,352.9,1.4,0.043,NaN,NaN,NaN,NaN,NaN,NaN,alcohol
C1CCC(CC1)O,352.9,2,0.064,NaN,NaN,NaN,NaN,NaN,NaN,alcohol
C1CCC(CC1)O,352.9,2.58,0.082,NaN,NaN,NaN,NaN,NaN,NaN,alcohol
C1CCC(CC1)O,352.9,3.22,0.104,NaN,NaN,NaN,NaN,NaN,NaN,alcohol
C1CCC(CC1)O,352.9,3.77,0.124,NaN,NaN,NaN,NaN,NaN,NaN,alcohol
C1CCC(CC1)O,352.9,4.38,0.144,NaN,NaN,NaN,NaN,NaN,NaN,alcohol
C1CCC(CC1)O,352.9,4.98,0.164,NaN,NaN,NaN,NaN,NaN,NaN,alcohol
C1CCC(CC1)O,352.9,5.65,0.186,NaN,NaN,NaN,NaN,NaN,NaN,alcohol
C1CCC(CC1)O,352.9,6.25,0.206,NaN,NaN,NaN,NaN,NaN,NaN,alcohol
C1CCC(CC1)O,352.9,6.92,0.229,NaN,NaN,NaN,NaN,NaN,NaN,alcohol
C1CCC(CC1)O,352.9,7.35,0.244,NaN,NaN,NaN,NaN,NaN,NaN,alcohol
C1CCC(CC1)O,392,1.48,0.041,NaN,NaN,NaN,NaN,NaN,NaN,alcohol
C1CCC(CC1)O,392,1.65,0.046,NaN,NaN,NaN,NaN,NaN,NaN,alcohol
C1CCC(CC1)O,392,2.09,0.059,NaN,NaN,NaN,NaN,NaN,NaN,alcohol
C1CCC(CC1)O,392,2.13,0.06,NaN,NaN,NaN,NaN,NaN,NaN,alcohol
C1CCC(CC1)O,392,2.76,0.078,NaN,NaN,NaN,NaN,NaN,NaN,alcohol
C1CCC(CC1)O,392,3.36,0.096,NaN,NaN,NaN,NaN,NaN,NaN,alcohol
C1CCC(CC1)O,392,3.96,0.115,NaN,NaN,NaN,NaN,NaN,NaN,alcohol
C1CCC(CC1)O,392,4.6,0.132,NaN,NaN,NaN,NaN,NaN,NaN,alcohol
C1CCC(CC1)O,392,5.17,0.15,NaN,NaN,NaN,NaN,NaN,NaN,alcohol
C1CCC(CC1)O,392,5.9,0.171,NaN,NaN,NaN,NaN,NaN,NaN,alcohol
C1CCC(CC1)O,392,6.45,0.187,NaN,NaN,NaN,NaN,NaN,NaN,alcohol
C1CCC(CC1)O,392,7.07,0.206,NaN,NaN,NaN,NaN,NaN,NaN,alcohol
C1CCC(CC1)O,392,7.69,0.223,NaN,NaN,NaN,NaN,NaN,NaN,alcohol
C1CCC(CC1)O,393.15,1,0.0259,0.9733,NaN,NaN,NaN,NaN,NaN,alcohol
C1CCC(CC1)O,393.15,2,0.0536,0.9851,NaN,NaN,NaN,NaN,NaN,alcohol
C1CCC(CC1)O,393.15,3,0.0796,0.9888,NaN,NaN,NaN,NaN,NaN,alcohol
C1CCC(CC1)O,393.15,4,0.108,0.9905,NaN,NaN,NaN,NaN,NaN,alcohol
C1CCC(CC1)O,393.15,6,0.164,0.9917,NaN,NaN,NaN,NaN,NaN,alcohol
C1CCC(CC1)O,393.15,8,0.227,0.9908,NaN,NaN,NaN,NaN,NaN,alcohol
C1CCC(CC1)O,393.15,10,0.286,0.9885,NaN,NaN,NaN,NaN,NaN,alcohol
C1CCC(CC1)O,393.15,12,0.345,0.9857,NaN,NaN,NaN,NaN,NaN,alcohol
C1CCC(CC1)O,393.15,14,0.399,0.9813,NaN,NaN,NaN,NaN,NaN,alcohol
C1CCC(CC1)O,393.15,16.5,0.472,0.9723,NaN,NaN,NaN,NaN,NaN,alcohol
C1CCC(CC1)O,393.15,19,0.559,0.9576,NaN,NaN,NaN,NaN,NaN,alcohol
C1CCC(CC1)O,453.15,1,0.0194,0.844,NaN,NaN,NaN,NaN,NaN,alcohol
C1CCC(CC1)O,453.15,2,0.0437,0.9104,NaN,NaN,NaN,NaN,NaN,alcohol
C1CCC(CC1)O,453.15,3,0.0672,0.9321,NaN,NaN,NaN,NaN,NaN,alcohol
C1CCC(CC1)O,453.15,4.5,0.106,0.9497,NaN,NaN,NaN,NaN,NaN,alcohol
C1CCC(CC1)O,453.15,6,0.143,0.9526,NaN,NaN,NaN,NaN,NaN,alcohol
C1CCC(CC1)O,453.15,8,0.2,0.9541,NaN,NaN,NaN,NaN,NaN,alcohol
C1CCC(CC1)O,453.15,10,0.252,0.9521,NaN,NaN,NaN,NaN,NaN,alcohol
C1CCC(CC1)O,453.15,12,0.306,0.9503,NaN,NaN,NaN,NaN,NaN,alcohol
C1CCC(CC1)O,453.15,14,0.366,0.9457,NaN,NaN,NaN,NaN,NaN,alcohol
C1CCC(CC1)O,453.15,16.5,0.431,0.9371,NaN,NaN,NaN,NaN,NaN,alcohol
C1CCC(CC1)O,453.15,19,0.51,0.9209,NaN,NaN,NaN,NaN,NaN,alcohol
C1CCCC1=O,253.15,0.4,0.2289,0.998655,NaN,NaN,NaN,NaN,NaN,ketone
C1CCCC1=O,253.15,0.6,0.3145,0.999067,NaN,NaN,NaN,NaN,NaN,ketone
C1CCCC1=O,253.15,0.807,0.4083,0.999223,NaN,NaN,NaN,NaN,NaN,ketone
C1CCCC1=O,253.15,0.999,0.4945,0.999811,NaN,NaN,NaN,NaN,NaN,ketone
C1CCCC1=O,253.15,1.201,0.5995,0.999849,NaN,NaN,NaN,NaN,NaN,ketone
C1CCCC1=O,253.15,1.305,0.6872,0.999873,NaN,NaN,NaN,NaN,NaN,ketone
C1CCCC1=O,253.15,1.598,0.8411,0.999896,NaN,NaN,NaN,NaN,NaN,ketone
C1CCCC1=O,253.15,1.701,0.9062,0.999937,NaN,NaN,NaN,NaN,NaN,ketone
C1CCCC1=O,253.15,1.755,0.933,0.999953,NaN,NaN,NaN,NaN,NaN,ketone
C1CCCC1=O,263.15,0.317,0.1202,0.988684,NaN,NaN,NaN,NaN,NaN,ketone
C1CCCC1=O,263.15,0.403,0.1445,0.990229,NaN,NaN,NaN,NaN,NaN,ketone
C1CCCC1=O,263.15,0.6,0.2173,0.994806,NaN,NaN,NaN,NaN,NaN,ketone
C1CCCC1=O,263.15,0.801,0.2815,0.995179,NaN,NaN,NaN,NaN,NaN,ketone
C1CCCC1=O,263.15,0.996,0.3667,0.995781,NaN,NaN,NaN,NaN,NaN,ketone
C1CCCC1=O,263.15,1.2,0.4321,0.996947,NaN,NaN,NaN,NaN,NaN,ketone
C1CCCC1=O,263.15,1.596,0.6026,0.997564,NaN,NaN,NaN,NaN,NaN,ketone
C1CCCC1=O,263.15,1.991,0.7578,0.997588,NaN,NaN,NaN,NaN,NaN,ketone
C1CCCC1=O,263.15,2.193,0.8526,0.997827,NaN,NaN,NaN,NaN,NaN,ketone
C1CCOC1,298.15,2.137,0.388,0.984,NaN,NaN,NaN,NaN,NaN,ether
C1CCOC1,298.15,2.642,0.47,0.981,NaN,NaN,NaN,NaN,NaN,ether
C1CCOC1,298.15,3.383,0.588,0.987,NaN,NaN,NaN,NaN,NaN,ether
C1CCOC1,298.15,4.075,0.703,0.993,NaN,NaN,NaN,NaN,NaN,ether
C1CCOC1,298.15,4.888,0.828,0.993,NaN,NaN,NaN,NaN,NaN,ether
C1CCOC1,298.15,5.725,0.941,0.996,NaN,NaN,NaN,NaN,NaN,ether
C1CCOC1,298.15,6.147,0.983,0.998,NaN,NaN,NaN,NaN,NaN,ether
C1CCOC1,311.01,0.973,0.1507,0.932,NaN,NaN,NaN,NaN,NaN,ether
C1CCOC1,311.01,1.767,0.2684,0.9608,NaN,NaN,NaN,NaN,NaN,ether
C1CCOC1,311.01,2.703,0.3965,0.9727,NaN,NaN,NaN,NaN,NaN,ether
C1CCOC1,311.01,3.389,0.4978,0.9785,NaN,NaN,NaN,NaN,NaN,ether
C1CCOC1,311.01,4.134,0.5929,0.9817,NaN,NaN,NaN,NaN,NaN,ether
C1CCOC1,311.01,4.801,0.6718,0.9838,NaN,NaN,NaN,NaN,NaN,ether
C1CCOC1,311.01,5.537,0.7581,0.9846,NaN,NaN,NaN,NaN,NaN,ether
C1CCOC1,311.01,6.419,0.8573,0.9869,NaN,NaN,NaN,NaN,NaN,ether
C1CCOC1,311.01,7.107,0.919,0.988,NaN,NaN,NaN,NaN,NaN,ether
C1CCOC1,313.15,2.06,0.301,0.97,NaN,NaN,NaN,NaN,NaN,ether
C1CCOC1,313.15,3.084,0.428,0.971,NaN,NaN,NaN,NaN,NaN,ether
C1CCOC1,313.15,4.013,0.542,0.973,NaN,NaN,NaN,NaN,NaN,ether
C1CCOC1,313.15,5.075,0.665,0.981,NaN,NaN,NaN,NaN,NaN,ether
C1CCOC1,313.15,6.123,0.788,0.985,NaN,NaN,NaN,NaN,NaN,ether
C1CCOC1,313.15,6.947,0.881,0.988,NaN,NaN,NaN,NaN,NaN,ether
C1CCOC1,313.15,7.241,0.9,NaN,NaN,NaN,NaN,NaN,NaN,ether
C1CCOC1,313.15,7.403,0.921,0.987,NaN,NaN,NaN,NaN,NaN,ether
C1CCOC1,313.15,7.629,0.938,0.986,NaN,NaN,NaN,NaN,NaN,ether
C1CCOC1,316.05,0.826,0.1168,0.9048,NaN,NaN,NaN,NaN,NaN,ether
C1CCOC1,316.05,1.628,0.2288,0.9505,NaN,NaN,NaN,NaN,NaN,ether
C1CCOC1,316.05,2.406,0.3318,0.9654,NaN,NaN,NaN,NaN,NaN,ether
C1CCOC1,316.05,3.188,0.4382,0.9733,NaN,NaN,NaN,NaN,NaN,ether
C1CCOC1,316.05,4.148,0.5492,0.978,NaN,NaN,NaN,NaN,NaN,ether
C1CCOC1,316.05,5.128,0.6581,0.9811,NaN,NaN,NaN,NaN,NaN,ether
C1CCOC1,316.05,5.992,0.7567,0.9826,NaN,NaN,NaN,NaN,NaN,ether
C1CCOC1,316.05,7.009,0.853,0.984,NaN,NaN,NaN,NaN,NaN,ether
C1CCOC1,316.05,7.751,0.9209,0.9846,NaN,NaN,NaN,NaN,NaN,ether
C1CCOC1,321.05,0.813,0.1052,0.8992,NaN,NaN,NaN,NaN,NaN,ether
C1CCOC1,321.05,1.812,0.2338,0.9499,NaN,NaN,NaN,NaN,NaN,ether
C1CCOC1,321.05,2.709,0.3459,0.9642,NaN,NaN,NaN,NaN,NaN,ether
C1CCOC1,321.05,3.522,0.446,0.9713,NaN,NaN,NaN,NaN,NaN,ether
C1CCOC1,321.05,4.287,0.5279,0.9752,NaN,NaN,NaN,NaN,NaN,ether
C1CCOC1,321.05,5.282,0.6326,0.9778,NaN,NaN,NaN,NaN,NaN,ether
C1CCOC1,321.05,6.103,0.7146,0.9795,NaN,NaN,NaN,NaN,NaN,ether
C1CCOC1,321.05,7.092,0.8102,0.9804,NaN,NaN,NaN,NaN,NaN,ether
C1CCOC1,321.05,7.836,0.8835,0.9815,NaN,NaN,NaN,NaN,NaN,ether
C1CCOC1,326.23,1.237,0.1459,0.9215,NaN,NaN,NaN,NaN,NaN,ether
C1CCOC1,326.23,2.072,0.2435,0.9537,NaN,NaN,NaN,NaN,NaN,ether
C1CCOC1,326.23,3.049,0.3531,0.9676,NaN,NaN,NaN,NaN,NaN,ether
C1CCOC1,326.23,3.889,0.4475,0.972,NaN,NaN,NaN,NaN,NaN,ether
C1CCOC1,326.23,4.951,0.5516,0.9754,NaN,NaN,NaN,NaN,NaN,ether
C1CCOC1,326.23,6.101,0.6637,0.977,NaN,NaN,NaN,NaN,NaN,ether
C1CCOC1,326.23,7.185,0.7667,0.9771,NaN,NaN,NaN,NaN,NaN,ether
C1CCOC1,326.23,8.02,0.8387,0.9772,NaN,NaN,NaN,NaN,NaN,ether
C1CCOC1,331.33,1.086,0.1187,0.912,NaN,NaN,NaN,NaN,NaN,ether
C1CCOC1,331.33,2.103,0.2288,0.9473,NaN,NaN,NaN,NaN,NaN,ether
C1CCOC1,331.33,2.911,0.3255,0.9591,NaN,NaN,NaN,NaN,NaN,ether
C1CCOC1,331.33,4.02,0.4332,0.9676,NaN,NaN,NaN,NaN,NaN,ether
C1CCOC1,331.33,4.814,0.5045,0.9707,NaN,NaN,NaN,NaN,NaN,ether
C1CCOC1,331.33,5.709,0.5855,0.9722,NaN,NaN,NaN,NaN,NaN,ether
C1CCOC1,331.33,6.788,0.6813,0.973,NaN,NaN,NaN,NaN,NaN,ether
C1CCOC1,331.33,8.138,0.7998,NaN,NaN,NaN,NaN,NaN,NaN,ether
C1COCCO1,343.2,2.6,0.23,NaN,NaN,NaN,NaN,NaN,NaN,ether
C1COCCO1,343.2,3.42,0.317,NaN,NaN,NaN,NaN,NaN,NaN,ether
C1COCCO1,343.2,4.97,0.46,NaN,NaN,NaN,NaN,NaN,NaN,ether
C1COCCO1,343.2,6.4,0.56,NaN,NaN,NaN,NaN,NaN,NaN,ether
C1COCCO1,343.2,7.95,0.668,NaN,NaN,NaN,NaN,NaN,NaN,ether
C1COCCO1,343.2,9.67,0.794,NaN,NaN,NaN,NaN,NaN,NaN,ether
C1COCCO1,343.2,10.8,0.881,NaN,NaN,NaN,NaN,NaN,NaN,ether
C1COCCO1,343.2,11.12,0.911,NaN,NaN,NaN,NaN,NaN,NaN,ether
C1COCCO1,343.2,11.19,0.927,NaN,NaN,NaN,NaN,NaN,NaN,ether
C1COCCO1,353.2,2.75,0.23,NaN,NaN,NaN,NaN,NaN,NaN,ether
C1COCCO1,353.2,3.71,0.317,NaN,NaN,NaN,NaN,NaN,NaN,ether
C1COCCO1,353.2,5.61,0.46,NaN,NaN,NaN,NaN,NaN,NaN,ether
C1COCCO1,353.2,7.29,0.56,NaN,NaN,NaN,NaN,NaN,NaN,ether
C1COCCO1,353.2,9,0.668,NaN,NaN,NaN,NaN,NaN,NaN,ether
C1COCCO1,353.2,10.85,0.794,NaN,NaN,NaN,NaN,NaN,NaN,ether
C1COCCO1,353.2,11.89,0.881,NaN,NaN,NaN,NaN,NaN,NaN,ether
CC(=O)C,253.15,0.296,0.2129,0.99232,NaN,NaN,NaN,NaN,NaN,ketone
CC(=O)C,253.15,0.501,0.3099,0.99544,NaN,NaN,NaN,NaN,NaN,ketone
CC(=O)C,253.15,0.608,0.3727,0.99608,NaN,NaN,NaN,NaN,NaN,ketone
CC(=O)C,253.15,0.804,0.4661,0.9972,NaN,NaN,NaN,NaN,NaN,ketone
CC(=O)C,253.15,0.995,0.5523,0.99793,NaN,NaN,NaN,NaN,NaN,ketone
CC(=O)C,253.15,1.205,0.6636,0.99891,NaN,NaN,NaN,NaN,NaN,ketone
CC(=O)C,253.15,1.408,0.7504,0.99921,NaN,NaN,NaN,NaN,NaN,ketone
CC(=O)C,253.15,1.521,0.8016,0.99939,NaN,NaN,NaN,NaN,NaN,ketone
CC(=O)C,253.15,1.608,0.8521,0.99941,NaN,NaN,NaN,NaN,NaN,ketone
CC(=O)C,253.15,1.707,0.8992,0.99948,NaN,NaN,NaN,NaN,NaN,ketone
CC(=O)C,263.15,0.318,0.1559,0.983212,NaN,NaN,NaN,NaN,NaN,ketone
CC(=O)C,263.15,0.412,0.1954,0.984,NaN,NaN,NaN,NaN,NaN,ketone
CC(=O)C,263.15,0.624,0.293,0.992329,NaN,NaN,NaN,NaN,NaN,ketone
CC(=O)C,263.15,0.838,0.3834,0.993765,NaN,NaN,NaN,NaN,NaN,ketone
CC(=O)C,263.15,1.026,0.4629,0.995732,NaN,NaN,NaN,NaN,NaN,ketone
CC(=O)C,263.15,1.195,0.5173,0.996096,NaN,NaN,NaN,NaN,NaN,ketone
CC(=O)C,263.15,1.507,0.6313,0.997114,NaN,NaN,NaN,NaN,NaN,ketone
CC(=O)C,263.15,1.792,0.7359,0.997563,NaN,NaN,NaN,NaN,NaN,ketone
CC(=O)C,263.15,2.104,0.8543,0.99797,NaN,NaN,NaN,NaN,NaN,ketone
CC(=O)C,263.15,2.22,0.8944,0.99819,NaN,NaN,NaN,NaN,NaN,ketone
CC(=O)C,288.15,0.1182,0.0229,0.0012,NaN,NaN,NaN,NaN,NaN,ketone
CC(=O)C,288.15,1.4765,0.2857,0.0013,NaN,NaN,NaN,NaN,NaN,ketone
CC(=O)C,288.15,0.3027,0.0586,0.0009,NaN,NaN,NaN,NaN,NaN,ketone
CC(=O)C,288.15,1.9576,0.3788,0.0008,NaN,NaN,NaN,NaN,NaN,ketone
CC(=O)C,288.15,0.5281,0.1022,0.0011,NaN,NaN,NaN,NaN,NaN,ketone
CC(=O)C,288.15,2.3378,0.4524,0.001,NaN,NaN,NaN,NaN,NaN,ketone
CC(=O)C,288.15,0.8784,0.17,0.0009,NaN,NaN,NaN,NaN,NaN,ketone
CC(=O)C,288.15,2.7067,0.5237,0.0008,NaN,NaN,NaN,NaN,NaN,ketone
CC(=O)C,288.15,1.1593,0.2243,0.0011,NaN,NaN,NaN,NaN,NaN,ketone
CC(=O)C,288.15,3.0583,0.5918,0.0011,NaN,NaN,NaN,NaN,NaN,ketone
CC(=O)C,298.15,0.2342,0.0377,0.0012,NaN,NaN,NaN,NaN,NaN,ketone
CC(=O)C,298.15,2.4165,0.3892,0.0009,NaN,NaN,NaN,NaN,NaN,ketone
CC(=O)C,298.15,0.544,0.0876,0.0012,NaN,NaN,NaN,NaN,NaN,ketone
CC(=O)C,298.15,2.8519,0.4593,0.0011,NaN,NaN,NaN,NaN,NaN,ketone
CC(=O)C,298.15,0.9083,0.1463,0.0011,NaN,NaN,NaN,NaN,NaN,ketone
CC(=O)C,298.15,3.2878,0.5295,0.0009,NaN,NaN,NaN,NaN,NaN,ketone
CC(=O)C,298.15,1.3277,0.2138,0.0007,NaN,NaN,NaN,NaN,NaN,ketone
CC(=O)C,298.15,3.6169,0.5825,0.0008,NaN,NaN,NaN,NaN,NaN,ketone
CC(=O)C,298.15,1.6378,0.2638,0.0009,NaN,NaN,NaN,NaN,NaN,ketone
CC(=O)C,298.15,4.0302,0.6491,0.0012,NaN,NaN,NaN,NaN,NaN,ketone
CC(=O)C,298.15,2.0576,0.3314,0.001,NaN,NaN,NaN,NaN,NaN,ketone
CC(=O)C,298.15,2.4165,0.3892,0.0009,NaN,NaN,NaN,NaN,NaN,ketone
CC(=O)C,308.15,0.3154,0.0436,0.0001,NaN,NaN,NaN,NaN,NaN,ketone
CC(=O)C,308.15,2.8453,0.3931,0.0009,NaN,NaN,NaN,NaN,NaN,ketone
CC(=O)C,308.15,0.6377,0.0881,0.0009,NaN,NaN,NaN,NaN,NaN,ketone
CC(=O)C,308.15,3.0749,0.4248,0.0009,NaN,NaN,NaN,NaN,NaN,ketone
CC(=O)C,308.15,0.9205,0.1272,0.0008,NaN,NaN,NaN,NaN,NaN,ketone
CC(=O)C,308.15,3.3326,0.4604,0.0013,NaN,NaN,NaN,NaN,NaN,ketone
CC(=O)C,308.15,1.2481,0.1724,0.0012,NaN,NaN,NaN,NaN,NaN,ketone
CC(=O)C,308.15,3.7813,0.5224,0.001,NaN,NaN,NaN,NaN,NaN,ketone
CC(=O)C,308.15,1.6176,0.2235,0.0011,NaN,NaN,NaN,NaN,NaN,ketone
CC(=O)C,308.15,4.1057,0.5672,0.0012,NaN,NaN,NaN,NaN,NaN,ketone
CC(=O)C,308.15,2.149,0.2969,0.0006,NaN,NaN,NaN,NaN,NaN,ketone
CC(=O)C,308.15,4.5939,0.6346,0.0006,NaN,NaN,NaN,NaN,NaN,ketone
CC(=O)C,308.15,2.5044,0.346,0.0005,NaN,NaN,NaN,NaN,NaN,ketone
CC(=O)C,308.15,5.0617,0.6992,0.0013,NaN,NaN,NaN,NaN,NaN,ketone
CC(=O)C,318.15,0.0617,0.0075,0.0011,NaN,NaN,NaN,NaN,NaN,ketone
CC(=O)C,318.15,2.9194,0.3571,0.0013,NaN,NaN,NaN,NaN,NaN,ketone
CC(=O)C,318.15,0.2593,0.0317,0.0012,NaN,NaN,NaN,NaN,NaN,ketone
CC(=O)C,318.15,3.3617,0.4112,0.0003,NaN,NaN,NaN,NaN,NaN,ketone
CC(=O)C,318.15,0.541,0.0662,0.0012,NaN,NaN,NaN,NaN,NaN,ketone
CC(=O)C,318.15,3.7288,0.4561,0.0003,NaN,NaN,NaN,NaN,NaN,ketone
CC(=O)C,318.15,0.9871,0.1207,0.0014,NaN,NaN,NaN,NaN,NaN,ketone
CC(=O)C,318.15,4.092,0.5005,0.0002,NaN,NaN,NaN,NaN,NaN,ketone
CC(=O)C,318.15,1.4332,0.1753,0.0012,NaN,NaN,NaN,NaN,NaN,ketone
CC(=O)C,318.15,4.4776,0.5477,0.0008,NaN,NaN,NaN,NaN,NaN,ketone
CC(=O)C,318.15,1.8794,0.23,0.0011,NaN,NaN,NaN,NaN,NaN,ketone
CC(=O)C,318.15,4.9135,0.601,0.0012,NaN,NaN,NaN,NaN,NaN,ketone
CC(=O)C,318.15,2.2453,0.2747,0.0009,NaN,NaN,NaN,NaN,NaN,ketone
CC(=O)C,318.15,5.3291,0.6519,0.0006,NaN,NaN,NaN,NaN,NaN,ketone
CC(=O)C,318.15,2.6501,0.3242,0.0013,NaN,NaN,NaN,NaN,NaN,ketone
CC(=O)C1=CC=CC=C1,313.1,6.1,0.5447,0.9997,NaN,NaN,NaN,NaN,NaN,aromatic
CC(=O)C1=CC=CC=C1,313.1,6.6,0.5926,0.9997,NaN,NaN,NaN,NaN,NaN,aromatic
CC(=O)C1=CC=CC=C1,313.1,7.1,0.6442,0.9996,NaN,NaN,NaN,NaN,NaN,aromatic
CC(=O)C1=CC=CC=C1,313.1,7.61,0.7084,0.9993,NaN,NaN,NaN,NaN,NaN,aromatic
CC(=O)C1=CC=CC=C1,313.15,2,0.19,0.9998,NaN,NaN,NaN,NaN,NaN,aromatic
CC(=O)C1=CC=CC=C1,313.15,3.5,0.308,0.9998,NaN,NaN,NaN,NaN,NaN,aromatic
CC(=O)C1=CC=CC=C1,313.15,5,0.437,0.9998,NaN,NaN,NaN,NaN,NaN,aromatic
CC(=O)C1=CC=CC=C1,313.15,6.5,0.574,0.9995,NaN,NaN,NaN,NaN,NaN,aromatic
CC(=O)C1=CC=CC=C1,313.15,7.5,0.694,0.9987,NaN,NaN,NaN,NaN,NaN,aromatic
CC(=O)C1=CC=CC=C1,313.15,8.1,0.803,0.9981,NaN,NaN,NaN,NaN,NaN,aromatic
CC(=O)C1=CC=CC=C1,328.15,2.5,0.181,0.9997,NaN,NaN,NaN,NaN,NaN,aromatic
CC(=O)C1=CC=CC=C1,328.15,4,0.29,0.9997,NaN,NaN,NaN,NaN,NaN,aromatic
CC(=O)C1=CC=CC=C1,328.15,6,0.411,0.9995,NaN,NaN,NaN,NaN,NaN,aromatic
CC(=O)C1=CC=CC=C1,328.15,8,0.558,0.9989,NaN,NaN,NaN,NaN,NaN,aromatic
CC(=O)C1=CC=CC=C1,328.15,9.5,0.654,0.9964,NaN,NaN,NaN,NaN,NaN,aromatic
CC(=O)C1=CC=CC=C1,328.15,11,0.763,0.9731,NaN,NaN,NaN,NaN,NaN,aromatic
CC(=O)C1=CC=CC=C1,328.15,11.5,0.806,0.9653,NaN,NaN,NaN,NaN,NaN,aromatic
CC(=O)C1=CC=CC=C1,348.15,2.5,0.145,0.9993,NaN,NaN,NaN,NaN,NaN,aromatic
CC(=O)C1=CC=CC=C1,348.15,4.5,0.251,0.9993,NaN,NaN,NaN,NaN,NaN,aromatic
CC(=O)C1=CC=CC=C1,348.15,7,0.389,0.999,NaN,NaN,NaN,NaN,NaN,aromatic
CC(=O)C1=CC=CC=C1,348.15,10,0.527,0.9974,NaN,NaN,NaN,NaN,NaN,aromatic
CC(=O)C1=CC=CC=C1,348.15,13,0.656,0.9913,NaN,NaN,NaN,NaN,NaN,aromatic
CC(=O)C1=CC=CC=C1,348.15,15.5,0.777,0.9632,NaN,NaN,NaN,NaN,NaN,aromatic
CC(=O)C1=CC=CC=C1,348.15,16.5,0.888,0.9136,NaN,NaN,NaN,NaN,NaN,aromatic
CC(=O)C1=CC=CC=C1,353.2,6.1,0.3267,0.9992,NaN,NaN,NaN,NaN,NaN,aromatic
CC(=O)C1=CC=CC=C1,353.2,7.1,0.3755,0.9988,NaN,NaN,NaN,NaN,NaN,aromatic
CC(=O)C1=CC=CC=C1,353.2,8.11,0.4303,0.9988,NaN,NaN,NaN,NaN,NaN,aromatic
CC(=O)C1=CC=CC=C1,353.2,9.11,0.4795,0.9983,NaN,NaN,NaN,NaN,NaN,aromatic
CC(=O)C1=CC=CC=C1,353.2,10.11,0.5199,0.9976,NaN,NaN,NaN,NaN,NaN,aromatic
CC(=O)C1=CC=CC=C1,353.2,11.11,0.568,0.9961,NaN,NaN,NaN,NaN,NaN,aromatic
CC(=O)C1=CC=CC=C1,353.2,12.11,0.593,0.9947,NaN,NaN,NaN,NaN,NaN,aromatic
CC(=O)C1=CC=CC=C1,393.2,6.1,0.2411,0.996,NaN,NaN,NaN,NaN,NaN,aromatic
CC(=O)C1=CC=CC=C1,393.2,7.61,0.2911,0.9954,NaN,NaN,NaN,NaN,NaN,aromatic
CC(=O)C1=CC=CC=C1,393.2,9.11,0.341,0.9951,NaN,NaN,NaN,NaN,NaN,aromatic
CC(=O)C1=CC=CC=C1,393.2,10.61,0.3864,0.9939,NaN,NaN,NaN,NaN,NaN,aromatic
CC(=O)C1=CC=CC=C1,393.2,12.11,0.4353,0.9928,NaN,NaN,NaN,NaN,NaN,aromatic
CC(=O)C1=CC=CC=C1,393.2,13.61,0.4786,0.9907,NaN,NaN,NaN,NaN,NaN,aromatic
CC(=O)C1=CC=CC=C1,393.2,15.11,0.5226,0.9886,NaN,NaN,NaN,NaN,NaN,aromatic
CC(=O)CC,253.15,0.303,0.2015,0.99761,NaN,NaN,NaN,NaN,NaN,ketone
CC(=O)CC,253.15,0.407,0.2428,0.998131,NaN,NaN,NaN,NaN,NaN,ketone
CC(=O)CC,253.15,0.612,0.3409,0.998287,NaN,NaN,NaN,NaN,NaN,ketone
CC(=O)CC,253.15,0.805,0.4461,0.998558,NaN,NaN,NaN,NaN,NaN,ketone
CC(=O)CC,253.15,1.002,0.5398,0.998927,NaN,NaN,NaN,NaN,NaN,ketone
CC(=O)CC,253.15,1.213,0.6508,0.999184,NaN,NaN,NaN,NaN,NaN,ketone
CC(=O)CC,253.15,1.527,0.8104,0.999544,NaN,NaN,NaN,NaN,NaN,ketone
CC(=O)CC,253.15,1.611,0.8517,0.999564,NaN,NaN,NaN,NaN,NaN,ketone
CC(=O)CC,253.15,1.705,0.8897,0.999786,NaN,NaN,NaN,NaN,NaN,ketone
CC(=O)CC,253.15,1.75,0.9208,0.999825,NaN,NaN,NaN,NaN,NaN,ketone
CC(=O)CC,263.15,0.314,0.1449,0.994732,NaN,NaN,NaN,NaN,NaN,ketone
CC(=O)CC,263.15,0.407,0.1816,0.995422,NaN,NaN,NaN,NaN,NaN,ketone
CC(=O)CC,263.15,0.606,0.2612,0.997223,NaN,NaN,NaN,NaN,NaN,ketone
CC(=O)CC,263.15,1.001,0.41,0.997796,NaN,NaN,NaN,NaN,NaN,ketone
CC(=O)CC,263.15,1.201,0.504,0.998272,NaN,NaN,NaN,NaN,NaN,ketone
CC(=O)CC,263.15,1.4,0.5746,0.998532,NaN,NaN,NaN,NaN,NaN,ketone
CC(=O)CC,263.15,1.702,0.6921,0.999043,NaN,NaN,NaN,NaN,NaN,ketone
CC(=O)CC,263.15,1.994,0.8047,0.999253,NaN,NaN,NaN,NaN,NaN,ketone
CC(=O)CC,263.15,2.188,0.8718,0.999272,NaN,NaN,NaN,NaN,NaN,ketone
CC(=O)CC,288.15,0.3161,0.0633,0.0009,NaN,NaN,NaN,NaN,NaN,ketone
CC(=O)CC,288.15,2.1632,0.4329,0.0008,NaN,NaN,NaN,NaN,NaN,ketone
CC(=O)CC,288.15,0.6257,0.1252,0.0011,NaN,NaN,NaN,NaN,NaN,ketone
CC(=O)CC,288.15,2.3236,0.465,0.0011,NaN,NaN,NaN,NaN,NaN,ketone
CC(=O)CC,288.15,1.0116,0.2024,0.0013,NaN,NaN,NaN,NaN,NaN,ketone
CC(=O)CC,288.15,2.5491,0.5101,0.0013,NaN,NaN,NaN,NaN,NaN,ketone
CC(=O)CC,288.15,1.4689,0.2939,0.0008,NaN,NaN,NaN,NaN,NaN,ketone
CC(=O)CC,288.15,2.8018,0.5607,0.0012,NaN,NaN,NaN,NaN,NaN,ketone
CC(=O)CC,288.15,1.9547,0.3912,0.001,NaN,NaN,NaN,NaN,NaN,ketone
CC(=O)CC,288.15,3.1014,0.6206,0.0013,NaN,NaN,NaN,NaN,NaN,ketone
CC(=O)CC,298.15,0.2932,0.0484,0.0009,NaN,NaN,NaN,NaN,NaN,ketone
CC(=O)CC,298.15,2.2218,0.3668,0.0013,NaN,NaN,NaN,NaN,NaN,ketone
CC(=O)CC,298.15,0.5673,0.0937,0.0007,NaN,NaN,NaN,NaN,NaN,ketone
CC(=O)CC,298.15,2.6362,0.4352,0.0009,NaN,NaN,NaN,NaN,NaN,ketone
CC(=O)CC,298.15,0.8857,0.1462,0.0008,NaN,NaN,NaN,NaN,NaN,ketone
CC(=O)CC,298.15,3.0906,0.5102,0.0012,NaN,NaN,NaN,NaN,NaN,ketone
CC(=O)CC,298.15,1.3291,0.2194,0.0009,NaN,NaN,NaN,NaN,NaN,ketone
CC(=O)CC,298.15,3.5728,0.5898,0.001,NaN,NaN,NaN,NaN,NaN,ketone
CC(=O)CC,298.15,1.7147,0.2831,0.0007,NaN,NaN,NaN,NaN,NaN,ketone
CC(=O)CC,298.15,3.832,0.6326,0.0009,NaN,NaN,NaN,NaN,NaN,ketone
CC(=O)CC,298.15,1.9699,0.3252,0.0008,NaN,NaN,NaN,NaN,NaN,ketone
CC(=O)CC,308.15,0.1583,0.023,0.0002,NaN,NaN,NaN,NaN,NaN,ketone
CC(=O)CC,308.15,2.6391,0.3838,0.0004,NaN,NaN,NaN,NaN,NaN,ketone
CC(=O)CC,308.15,0.3778,0.0549,0.0014,NaN,NaN,NaN,NaN,NaN,ketone
CC(=O)CC,308.15,3.0874,0.449,0.001,NaN,NaN,NaN,NaN,NaN,ketone
CC(=O)CC,308.15,0.7396,0.1076,0.0012,NaN,NaN,NaN,NaN,NaN,ketone
CC(=O)CC,308.15,3.4569,0.5027,0.0008,NaN,NaN,NaN,NaN,NaN,ketone
CC(=O)CC,308.15,1.1362,0.1652,0.0011,NaN,NaN,NaN,NaN,NaN,ketone
CC(=O)CC,308.15,3.9237,0.5706,0.0007,NaN,NaN,NaN,NaN,NaN,ketone
CC(=O)CC,308.15,1.5218,0.2213,0.0012,NaN,NaN,NaN,NaN,NaN,ketone
CC(=O)CC,308.15,4.3722,0.6358,0.0006,NaN,NaN,NaN,NaN,NaN,ketone
CC(=O)CC,308.15,1.8957,0.2757,0.0012,NaN,NaN,NaN,NaN,NaN,ketone
CC(=O)CC,308.15,4.801,0.6982,0.0005,NaN,NaN,NaN,NaN,NaN,ketone
CC(=O)CC,308.15,2.2714,0.3303,0.0011,NaN,NaN,NaN,NaN,NaN,ketone
CC(=O)CC,308.15,5.2193,0.759,0.001,NaN,NaN,NaN,NaN,NaN,ketone
CC(=O)CC,318.15,0.2185,0.0282,0.0011,NaN,NaN,NaN,NaN,NaN,ketone
CC(=O)CC,318.15,2.9795,0.3851,0.001,NaN,NaN,NaN,NaN,NaN,ketone
CC(=O)CC,318.15,0.6786,0.0877,0.0012,NaN,NaN,NaN,NaN,NaN,ketone
CC(=O)CC,318.15,3.2641,0.4218,0.0011,NaN,NaN,NaN,NaN,NaN,ketone
CC(=O)CC,318.15,1.1039,0.1427,0.0012,NaN,NaN,NaN,NaN,NaN,ketone
CC(=O)CC,318.15,3.6547,0.4723,0.0007,NaN,NaN,NaN,NaN,NaN,ketone
CC(=O)CC,318.15,1.4545,0.188,0.0014,NaN,NaN,NaN,NaN,NaN,ketone
CC(=O)CC,318.15,4.0833,0.5277,0.0006,NaN,NaN,NaN,NaN,NaN,ketone
CC(=O)CC,318.15,1.8079,0.2336,0.0012,NaN,NaN,NaN,NaN,NaN,ketone
CC(=O)CC,318.15,4.5203,0.5842,0.0009,NaN,NaN,NaN,NaN,NaN,ketone
CC(=O)CC,318.15,2.2377,0.2892,0.0011,NaN,NaN,NaN,NaN,NaN,ketone
CC(=O)CC,318.15,5.0005,0.6462,0.0005,NaN,NaN,NaN,NaN,NaN,ketone
CC(=O)CC,318.15,2.6754,0.3456,0.0009,NaN,NaN,NaN,NaN,NaN,ketone
CC(=O)CC,318.15,5.4216,0.7007,0.0012,NaN,NaN,NaN,NaN,NaN,ketone
CC(=O)CC(=O)C,263.15,0.304,0.1959,0.999067,NaN,NaN,NaN,NaN,NaN,ketone
CC(=O)CC(=O)C,263.15,0.628,0.3503,0.999608,NaN,NaN,NaN,NaN,NaN,ketone
CC(=O)CC(=O)C,263.15,0.983,0.4786,0.999776,NaN,NaN,NaN,NaN,NaN,ketone
CC(=O)CC(=O)C,263.15,1.197,0.5487,0.999818,NaN,NaN,NaN,NaN,NaN,ketone
CC(=O)CC(=O)C,263.15,1.405,0.6243,0.999859,NaN,NaN,NaN,NaN,NaN,ketone
CC(=O)CC(=O)C,263.15,1.596,0.6974,0.99989,NaN,NaN,NaN,NaN,NaN,ketone
CC(=O)CC(=O)C,263.15,1.792,0.768,0.999916,NaN,NaN,NaN,NaN,NaN,ketone
CC(=O)CC(=O)C,263.15,2.016,0.8376,0.99994,NaN,NaN,NaN,NaN,NaN,ketone
CC(=O)CC(=O)C,263.15,2.21,0.8941,0.999961,NaN,NaN,NaN,NaN,NaN,ketone
CC(=O)CCC,253.15,0.292,0.1726,0.99894,NaN,NaN,NaN,NaN,NaN,ketone
CC(=O)CCC,253.15,0.497,0.2915,0.9996,NaN,NaN,NaN,NaN,NaN,ketone
CC(=O)CCC,253.15,0.61,0.3297,0.99964,NaN,NaN,NaN,NaN,NaN,ketone
CC(=O)CCC,253.15,0.715,0.4154,0.99973,NaN,NaN,NaN,NaN,NaN,ketone
CC(=O)CCC,253.15,0.928,0.5284,0.99976,NaN,NaN,NaN,NaN,NaN,ketone
CC(=O)CCC,253.15,1.232,0.648,0.99979,NaN,NaN,NaN,NaN,NaN,ketone
CC(=O)CCC,253.15,1.493,0.8064,0.99989,NaN,NaN,NaN,NaN,NaN,ketone
CC(=O)CCC,253.15,1.599,0.8553,0.99992,NaN,NaN,NaN,NaN,NaN,ketone
CC(=O)CCC,253.15,1.7,0.8799,0.99992,NaN,NaN,NaN,NaN,NaN,ketone
CC(=O)CCC,253.15,1.742,0.912,0.99994,NaN,NaN,NaN,NaN,NaN,ketone
CC(=O)CCC,263.15,0.314,0.1642,0.998865,NaN,NaN,NaN,NaN,NaN,ketone
CC(=O)CCC,263.15,0.404,0.1804,0.999008,NaN,NaN,NaN,NaN,NaN,ketone
CC(=O)CCC,263.15,0.606,0.2578,0.999085,NaN,NaN,NaN,NaN,NaN,ketone
CC(=O)CCC,263.15,0.797,0.3251,0.999474,NaN,NaN,NaN,NaN,NaN,ketone
CC(=O)CCC,263.15,0.996,0.4064,0.999626,NaN,NaN,NaN,NaN,NaN,ketone
CC(=O)CCC,263.15,1.201,0.4804,0.99949,NaN,NaN,NaN,NaN,NaN,ketone
CC(=O)CCC,263.15,1.601,0.6193,0.999458,NaN,NaN,NaN,NaN,NaN,ketone
CC(=O)CCC,263.15,2.001,0.7922,0.999779,NaN,NaN,NaN,NaN,NaN,ketone
CC(=O)CCC,263.15,2.196,0.8817,0.999866,NaN,NaN,NaN,NaN,NaN,ketone
CC(=O)OC,243.15,0.309,0.3915,0.99746,19.11,-49.22,NaN,NaN,NaN,ester
CC(=O)OC,243.15,0.51,0.5541,0.99889,19.11,-49.22,NaN,NaN,NaN,ester
CC(=O)OC,243.15,0.608,0.6106,0.99905,19.11,-49.22,NaN,NaN,NaN,ester
CC(=O)OC,243.15,0.703,0.6738,0.99927,19.11,-49.22,NaN,NaN,NaN,ester
CC(=O)OC,243.15,0.802,0.7184,0.99945,19.11,-49.22,NaN,NaN,NaN,ester
CC(=O)OC,243.15,1.007,0.8437,0.99978,19.11,-49.22,NaN,NaN,NaN,ester
CC(=O)OC,253.15,0.301,0.3012,0.99562,19.11,-49.22,NaN,NaN,NaN,ester
CC(=O)OC,253.15,0.6,0.4945,0.99783,19.11,-49.22,NaN,NaN,NaN,ester
CC(=O)OC,253.15,0.803,0.6048,0.99856,19.11,-49.22,NaN,NaN,NaN,ester
CC(=O)OC,253.15,1.001,0.6978,0.99891,19.11,-49.22,5.8,1.24,NaN,ester
CC(=O)OC,253.15,1.3,0.7874,0.99951,19.11,-49.22,NaN,NaN,NaN,ester
CC(=O)OC,253.15,1.6,0.8809,0.99982,19.11,-49.22,NaN,NaN,NaN,ester
CC(=O)OC,263.15,0.504,0.3287,0.99241,19.11,-49.22,NaN,NaN,NaN,ester
CC(=O)OC,263.15,0.801,0.4691,0.99579,19.11,-49.22,NaN,NaN,NaN,ester
CC(=O)OC,263.15,1.101,0.5821,0.99744,19.11,-49.22,NaN,NaN,NaN,ester
CC(=O)OC,263.15,1.403,0.6803,0.99843,19.11,-49.22,NaN,NaN,NaN,ester
CC(=O)OC,263.15,1.701,0.7657,0.99902,19.11,-49.22,NaN,NaN,NaN,ester
CC(=O)OC,263.15,1.998,0.8411,0.99943,19.11,-49.22,NaN,NaN,NaN,ester
CC(=O)OC,263.15,2.296,0.9169,0.99973,19.11,-49.22,NaN,NaN,NaN,ester
CC(=O)OC(C)C,308.45,3.3,0.462,0.9933,NaN,NaN,NaN,NaN,NaN,ester
CC(=O)OC(C)C,308.45,4.12,0.573,0.9946,NaN,NaN,NaN,NaN,NaN,ester
CC(=O)OC(C)C,308.45,4.7,0.644,0.9953,NaN,NaN,NaN,NaN,NaN,ester
CC(=O)OC(C)C,308.45,5.2,0.707,0.9964,NaN,NaN,NaN,NaN,NaN,ester
CC(=O)OC(C)C,308.45,5.5,0.763,0.9969,NaN,NaN,NaN,NaN,NaN,ester
CC(=O)OC(C)C,308.45,5.99,0.824,0.9974,NaN,NaN,NaN,NaN,NaN,ester
CC(=O)OC(C)C,308.45,6.13,0.841,0.9974,NaN,NaN,NaN,NaN,NaN,ester
CC(=O)OC(C)C,308.45,6.4,0.88,0.995,NaN,NaN,NaN,NaN,NaN,ester
CC(=O)OC(C)C,313.2,1.65,0.424,0.983,NaN,NaN,NaN,NaN,NaN,ester
CC(=O)OC(C)C,313.2,2.16,0.502,0.991,NaN,NaN,NaN,NaN,NaN,ester
CC(=O)OC(C)C,313.2,2.73,0.607,0.995,NaN,NaN,NaN,NaN,NaN,ester
CC(=O)OC(C)C,313.2,2.94,0.635,0.996,NaN,NaN,NaN,NaN,NaN,ester
CC(=O)OC(C)C,313.2,4.32,0.771,0.997,NaN,NaN,NaN,NaN,NaN,ester
CC(=O)OC(C)C,313.2,4.38,0.778,0.997,NaN,NaN,NaN,NaN,NaN,ester
CC(=O)OC(C)C,313.2,5.71,0.872,0.997,NaN,NaN,NaN,NaN,NaN,ester
CC(=O)OC(C)C,313.2,5.91,0.883,0.997,NaN,NaN,NaN,NaN,NaN,ester
CC(=O)OC(C)C,313.2,6.65,0.934,0.997,NaN,NaN,NaN,NaN,NaN,ester
CC(=O)OC(C)C,313.2,7.25,0.984,0.996,NaN,NaN,NaN,NaN,NaN,ester
CC(=O)OC(C)C,313.45,3.08,0.4,0.993,NaN,NaN,NaN,NaN,NaN,ester
CC(=O)OC(C)C,313.45,3.56,0.453,0.994,NaN,NaN,NaN,NaN,NaN,ester
CC(=O)OC(C)C,313.45,4.23,0.538,0.9949,NaN,NaN,NaN,NaN,NaN,ester
CC(=O)OC(C)C,313.45,4.62,0.59,0.9952,NaN,NaN,NaN,NaN,NaN,ester
CC(=O)OC(C)C,313.45,5.67,0.703,0.9961,NaN,NaN,NaN,NaN,NaN,ester
CC(=O)OC(C)C,313.45,5.94,0.74,0.9965,NaN,NaN,NaN,NaN,NaN,ester
CC(=O)OC(C)C,313.45,6.81,0.853,0.9969,NaN,NaN,NaN,NaN,NaN,ester
CC(=O)OC(C)C,313.45,7.16,0.897,0.9973,NaN,NaN,NaN,NaN,NaN,ester
CC(=O)OC(C)C,318.55,3.06,0.36,0.9941,NaN,NaN,NaN,NaN,NaN,ester
CC(=O)OC(C)C,318.55,3.74,0.445,0.9951,NaN,NaN,NaN,NaN,NaN,ester
CC(=O)OC(C)C,318.55,4.05,0.475,0.9953,NaN,NaN,NaN,NaN,NaN,ester
CC(=O)OC(C)C,318.55,4.3,0.5,0.9955,NaN,NaN,NaN,NaN,NaN,ester
CC(=O)OC(C)C,318.55,5.05,0.585,0.9958,NaN,NaN,NaN,NaN,NaN,ester
CC(=O)OC(C)C,318.55,5.83,0.675,0.9967,NaN,NaN,NaN,NaN,NaN,ester
CC(=O)OC(C)C,318.55,6.21,0.728,0.9949,NaN,NaN,NaN,NaN,NaN,ester
CC(=O)OC(C)C,318.55,6.93,0.795,0.9943,NaN,NaN,NaN,NaN,NaN,ester
CC(=O)OC(C)C,318.55,7.14,0.81,0.9937,NaN,NaN,NaN,NaN,NaN,ester
CC(=O)OC(C)C,318.55,7.8,0.899,0.9929,NaN,NaN,NaN,NaN,NaN,ester
CC(=O)OC(C)C,323.2,1.05,0.258,0.98,NaN,NaN,NaN,NaN,NaN,ester
CC(=O)OC(C)C,323.2,1.54,0.354,0.985,NaN,NaN,NaN,NaN,NaN,ester
CC(=O)OC(C)C,323.2,2.56,0.516,0.991,NaN,NaN,NaN,NaN,NaN,ester
CC(=O)OC(C)C,323.2,3.04,0.58,0.993,NaN,NaN,NaN,NaN,NaN,ester
CC(=O)OC(C)C,323.2,4.28,0.703,0.995,NaN,NaN,NaN,NaN,NaN,ester
CC(=O)OC(C)C,323.2,4.42,0.718,0.995,NaN,NaN,NaN,NaN,NaN,ester
CC(=O)OC(C)C,323.2,5.22,0.779,0.995,NaN,NaN,NaN,NaN,NaN,ester
CC(=O)OC(C)C,323.2,6.07,0.834,0.995,NaN,NaN,NaN,NaN,NaN,ester
CC(=O)OC(C)C,323.2,6.52,0.859,0.995,NaN,NaN,NaN,NaN,NaN,ester
CC(=O)OC(C)C,323.2,7.56,0.918,0.997,NaN,NaN,NaN,NaN,NaN,ester
CC(=O)OC(C)C,333.2,2.39,0.435,0.989,NaN,NaN,NaN,NaN,NaN,ester
CC(=O)OC(C)C,333.2,2.81,0.491,0.99,NaN,NaN,NaN,NaN,NaN,ester
CC(=O)OC(C)C,333.2,2.94,0.509,0.99,NaN,NaN,NaN,NaN,NaN,ester
CC(=O)OC(C)C,333.2,3.52,0.576,0.988,NaN,NaN,NaN,NaN,NaN,ester
CC(=O)OC(C)C,333.2,3.7,0.596,0.987,NaN,NaN,NaN,NaN,NaN,ester
CC(=O)OC(C)C,333.2,4.52,0.67,0.983,NaN,NaN,NaN,NaN,NaN,ester
CC(=O)OC(C)C,333.2,5.78,0.755,0.979,NaN,NaN,NaN,NaN,NaN,ester
CC(=O)OC(C)C,333.2,6.42,0.795,0.983,NaN,NaN,NaN,NaN,NaN,ester
CC(=O)OC(C)C,333.2,6.56,0.805,0.985,NaN,NaN,NaN,NaN,NaN,ester
CC(=O)OC(C)C,333.2,8.71,0.914,0.999,NaN,NaN,NaN,NaN,NaN,ester
CC(=O)OCC(C)C,313.15,0.84,0.206,0.9888,NaN,NaN,NaN,NaN,NaN,ester
CC(=O)OCC(C)C,313.15,1.2,0.259,0.9926,NaN,NaN,NaN,NaN,NaN,ester
CC(=O)OCC(C)C,313.15,1.89,0.371,0.9889,NaN,NaN,NaN,NaN,NaN,ester
CC(=O)OCC(C)C,313.15,2.38,0.444,0.9894,NaN,NaN,NaN,NaN,NaN,ester
CC(=O)OCC(C)C,313.15,3.01,0.533,0.9891,NaN,NaN,NaN,NaN,NaN,ester
CC(=O)OCC(C)C,313.15,3.49,0.595,0.9905,NaN,NaN,NaN,NaN,NaN,ester
CC(=O)OCC(C)C,313.15,3.84,0.637,0.9892,NaN,NaN,NaN,NaN,NaN,ester
CC(=O)OCC(C)C,313.15,4.42,0.703,0.9937,NaN,NaN,NaN,NaN,NaN,ester
CC(=O)OCC(C)C,313.15,4.95,0.758,0.9979,NaN,NaN,NaN,NaN,NaN,ester
CC(=O)OCC(C)C,313.15,5.58,0.812,0.9954,NaN,NaN,NaN,NaN,NaN,ester
CC(=O)OCC(C)C,313.15,6.14,0.856,0.9994,NaN,NaN,NaN,NaN,NaN,ester
CC(=O)OCC(C)C,313.15,6.77,0.896,0.9987,NaN,NaN,NaN,NaN,NaN,ester
CC(=O)OCC(C)C,313.15,7.42,0.929,0.9989,NaN,NaN,NaN,NaN,NaN,ester
CC(=O)OCC(C)C,313.2,1.3,0.292,0.99,NaN,NaN,NaN,NaN,NaN,ester
CC(=O)OCC(C)C,313.2,1.57,0.341,0.992,NaN,NaN,NaN,NaN,NaN,ester
CC(=O)OCC(C)C,313.2,2.36,0.471,0.996,NaN,NaN,NaN,NaN,NaN,ester
CC(=O)OCC(C)C,313.2,2.89,0.546,0.996,NaN,NaN,NaN,NaN,NaN,ester
CC(=O)OCC(C)C,313.2,4.23,0.707,0.994,NaN,NaN,NaN,NaN,NaN,ester
CC(=O)OCC(C)C,313.2,4.54,0.738,0.995,NaN,NaN,NaN,NaN,NaN,ester
CC(=O)OCC(C)C,313.2,6.1,0.869,0.996,NaN,NaN,NaN,NaN,NaN,ester
CC(=O)OCC(C)C,313.2,6.12,0.87,0.998,NaN,NaN,NaN,NaN,NaN,ester
CC(=O)OCC(C)C,313.2,6.77,0.914,0.997,NaN,NaN,NaN,NaN,NaN,ester
CC(=O)OCC(C)C,313.2,7.57,0.962,1,NaN,NaN,NaN,NaN,NaN,ester
CC(=O)OCC(C)C,323.15,0.96,0.189,0.9936,NaN,NaN,NaN,NaN,NaN,ester
CC(=O)OCC(C)C,323.15,1.68,0.311,0.9915,NaN,NaN,NaN,NaN,NaN,ester
CC(=O)OCC(C)C,323.15,1.94,0.348,0.9937,NaN,NaN,NaN,NaN,NaN,ester
CC(=O)OCC(C)C,323.15,2.54,0.426,0.9899,NaN,NaN,NaN,NaN,NaN,ester
CC(=O)OCC(C)C,323.15,2.97,0.484,0.9911,NaN,NaN,NaN,NaN,NaN,ester
CC(=O)OCC(C)C,323.15,3.51,0.549,0.9883,NaN,NaN,NaN,NaN,NaN,ester
CC(=O)OCC(C)C,323.15,3.84,0.588,0.9945,NaN,NaN,NaN,NaN,NaN,ester
CC(=O)OCC(C)C,323.15,4.61,0.667,0.9955,NaN,NaN,NaN,NaN,NaN,ester
CC(=O)OCC(C)C,323.15,5.02,0.704,0.9947,NaN,NaN,NaN,NaN,NaN,ester
CC(=O)OCC(C)C,323.15,5.47,0.745,0.9918,NaN,NaN,NaN,NaN,NaN,ester
CC(=O)OCC(C)C,323.15,5.89,0.782,0.9987,NaN,NaN,NaN,NaN,NaN,ester
CC(=O)OCC(C)C,323.15,6.71,0.836,0.9925,NaN,NaN,NaN,NaN,NaN,ester
CC(=O)OCC(C)C,323.15,7.1,0.859,0.9917,NaN,NaN,NaN,NaN,NaN,ester
CC(=O)OCC(C)C,323.15,7.85,0.892,0.9894,NaN,NaN,NaN,NaN,NaN,ester
CC(=O)OCC(C)C,323.15,8.25,0.914,0.9922,NaN,NaN,NaN,NaN,NaN,ester
CC(=O)OCC(C)C,323.2,1.77,0.328,0.995,NaN,NaN,NaN,NaN,NaN,ester
CC(=O)OCC(C)C,323.2,1.79,0.332,0.994,NaN,NaN,NaN,NaN,NaN,ester
CC(=O)OCC(C)C,323.2,2.41,0.429,0.993,NaN,NaN,NaN,NaN,NaN,ester
CC(=O)OCC(C)C,323.2,2.88,0.495,0.99,NaN,NaN,NaN,NaN,NaN,ester
CC(=O)OCC(C)C,323.2,3,0.509,0.989,NaN,NaN,NaN,NaN,NaN,ester
CC(=O)OCC(C)C,323.2,4.43,0.664,0.995,NaN,NaN,NaN,NaN,NaN,ester
CC(=O)OCC(C)C,323.2,4.44,0.663,0.994,NaN,NaN,NaN,NaN,NaN,ester
CC(=O)OCC(C)C,323.2,5.82,0.777,1,NaN,NaN,NaN,NaN,NaN,ester
CC(=O)OCC(C)C,323.2,7.93,0.912,0.993,NaN,NaN,NaN,NaN,NaN,ester
CC(=O)OCC(C)C,323.2,8.27,0.934,0.988,NaN,NaN,NaN,NaN,NaN,ester
CC(=O)OCC(C)C,333.15,0.74,0.143,0.9873,NaN,NaN,NaN,NaN,NaN,ester
CC(=O)OCC(C)C,333.15,1.06,0.188,0.9896,NaN,NaN,NaN,NaN,NaN,ester
CC(=O)OCC(C)C,333.15,1.56,0.256,0.9897,NaN,NaN,NaN,NaN,NaN,ester
CC(=O)OCC(C)C,333.15,2,0.315,0.9891,NaN,NaN,NaN,NaN,NaN,ester
CC(=O)OCC(C)C,333.15,2.36,0.358,0.9855,NaN,NaN,NaN,NaN,NaN,ester
CC(=O)OCC(C)C,333.15,2.9,0.424,0.9888,NaN,NaN,NaN,NaN,NaN,ester
CC(=O)OCC(C)C,333.15,3.42,0.482,0.9898,NaN,NaN,NaN,NaN,NaN,ester
CC(=O)OCC(C)C,333.15,3.8,0.524,0.9917,NaN,NaN,NaN,NaN,NaN,ester
CC(=O)OCC(C)C,333.15,4.08,0.552,0.9916,NaN,NaN,NaN,NaN,NaN,ester
CC(=O)OCC(C)C,333.15,4.62,0.603,0.9894,NaN,NaN,NaN,NaN,NaN,ester
CC(=O)OCC(C)C,333.15,5.21,0.656,0.9911,NaN,NaN,NaN,NaN,NaN,ester
CC(=O)OCC(C)C,333.15,5.75,0.701,0.9939,NaN,NaN,NaN,NaN,NaN,ester
CC(=O)OCC(C)C,333.15,6.07,0.726,0.9942,NaN,NaN,NaN,NaN,NaN,ester
CC(=O)OCC(C)C,333.15,6.58,0.762,0.9957,NaN,NaN,NaN,NaN,NaN,ester
CC(=O)OCC(C)C,333.15,7.23,0.803,0.9957,NaN,NaN,NaN,NaN,NaN,ester
CC(=O)OCC(C)C,333.15,7.99,0.824,0.9574,NaN,NaN,NaN,NaN,NaN,ester
CC(=O)OCC(C)C,333.15,8.44,0.865,0.9978,NaN,NaN,NaN,NaN,NaN,ester
CC(=O)OCC(C)C,333.2,1.12,0.202,0.989,NaN,NaN,NaN,NaN,NaN,ester
CC(=O)OCC(C)C,333.2,1.46,0.255,0.989,NaN,NaN,NaN,NaN,NaN,ester
CC(=O)OCC(C)C,333.2,2.15,0.35,0.989,NaN,NaN,NaN,NaN,NaN,ester
CC(=O)OCC(C)C,333.2,3.25,0.481,0.988,NaN,NaN,NaN,NaN,NaN,ester
CC(=O)OCC(C)C,333.2,3.53,0.513,0.985,NaN,NaN,NaN,NaN,NaN,ester
CC(=O)OCC(C)C,333.2,3.91,0.552,0.991,NaN,NaN,NaN,NaN,NaN,ester
CC(=O)OCC(C)C,333.2,4.66,0.622,0.99,NaN,NaN,NaN,NaN,NaN,ester
CC(=O)OCC(C)C,333.2,6.06,0.731,0.994,NaN,NaN,NaN,NaN,NaN,ester
CC(=O)OCC(C)C,333.2,6.48,0.759,0.995,NaN,NaN,NaN,NaN,NaN,ester
CC(=O)OCC(C)C,333.2,8.53,0.884,1,NaN,NaN,NaN,NaN,NaN,ester
CC(C)(C)O,333.15,2.1,0.1483,0.9954,NaN,NaN,NaN,NaN,NaN,alcohol
CC(C)(C)O,333.15,3.44,0.2023,0.9933,NaN,NaN,NaN,NaN,NaN,alcohol
CC(C)(C)O,333.15,4.96,0.3018,0.996,NaN,NaN,NaN,NaN,NaN,alcohol
CC(C)(C)O,333.15,6.06,0.3814,0.9967,NaN,NaN,NaN,NaN,NaN,alcohol
CC(C)(C)O,333.15,7.55,0.474,0.9938,NaN,NaN,NaN,NaN,NaN,alcohol
CC(C)(C)O,333.15,8.89,0.5909,0.9874,NaN,NaN,NaN,NaN,NaN,alcohol
CC(C)(C)O,333.15,10.09,0.7152,0.9701,NaN,NaN,NaN,NaN,NaN,alcohol
CC(C)(C)O,343.15,2.04,0.1152,0.9941,NaN,NaN,NaN,NaN,NaN,alcohol
CC(C)(C)O,343.15,4.24,0.2143,0.9969,NaN,NaN,NaN,NaN,NaN,alcohol
CC(C)(C)O,343.15,5.25,0.2748,0.9965,NaN,NaN,NaN,NaN,NaN,alcohol
CC(C)(C)O,343.15,6.41,0.3407,0.9959,NaN,NaN,NaN,NaN,NaN,alcohol
CC(C)(C)O,343.15,7.74,0.4446,0.9894,NaN,NaN,NaN,NaN,NaN,alcohol
CC(C)(C)O,343.15,9.1,0.5305,0.9845,NaN,NaN,NaN,NaN,NaN,alcohol
CC(C)(C)O,343.15,11.11,0.7096,0.9665,NaN,NaN,NaN,NaN,NaN,alcohol
CC(C)(C)O,343.15,11.98,0.7935,0.9447,NaN,NaN,NaN,NaN,NaN,alcohol
CC(C)(C)O,353.15,1.73,0.1009,0.9907,NaN,NaN,NaN,NaN,NaN,alcohol
CC(C)(C)O,353.15,4.03,0.2099,0.994,NaN,NaN,NaN,NaN,NaN,alcohol
CC(C)(C)O,353.15,5.6,0.292,0.9961,NaN,NaN,NaN,NaN,NaN,alcohol
CC(C)(C)O,353.15,7.01,0.3806,0.9954,NaN,NaN,NaN,NaN,NaN,alcohol
CC(C)(C)O,353.15,8.22,0.4293,0.9905,NaN,NaN,NaN,NaN,NaN,alcohol
CC(C)(C)O,353.15,9.55,0.5187,0.9815,NaN,NaN,NaN,NaN,NaN,alcohol
CC(C)(C)O,353.15,11.1,0.5974,0.9652,NaN,NaN,NaN,NaN,NaN,alcohol
CC(C)(C)O,353.15,13,0.7608,0.9275,NaN,NaN,NaN,NaN,NaN,alcohol
CC(C)(OC)C,253.15,0.342,0.2225,0.99156,NaN,NaN,NaN,NaN,NaN,ether
CC(C)(OC)C,253.15,0.403,0.2582,0.993694,NaN,NaN,NaN,NaN,NaN,ether
CC(C)(OC)C,253.15,0.612,0.3769,0.995756,NaN,NaN,NaN,NaN,NaN,ether
CC(C)(OC)C,253.15,0.823,0.4657,0.996987,NaN,NaN,NaN,NaN,NaN,ether
CC(C)(OC)C,253.15,1.012,0.5568,0.99768,NaN,NaN,NaN,NaN,NaN,ether
CC(C)(OC)C,253.15,1.211,0.6571,0.998172,NaN,NaN,NaN,NaN,NaN,ether
CC(C)(OC)C,253.15,1.41,0.7472,0.998627,NaN,NaN,NaN,NaN,NaN,ether
CC(C)(OC)C,253.15,1.504,0.7919,0.998812,NaN,NaN,NaN,NaN,NaN,ether
CC(C)(OC)C,253.15,1.623,0.8541,0.999099,NaN,NaN,NaN,NaN,NaN,ether
CC(C)(OC)C,253.15,1.703,0.8939,0.999315,NaN,NaN,NaN,NaN,NaN,ether
CC(C)(OC)C,253.15,1.8,0.942,0.999515,NaN,NaN,NaN,NaN,NaN,ether
CC(C)CC(=O)C,313.11,2.33,0.533,NaN,NaN,NaN,NaN,NaN,NaN,ketone
CC(C)CC(=O)C,313.11,3.42,0.6633,NaN,NaN,NaN,NaN,NaN,NaN,ketone
CC(C)CC(=O)C,313.11,4.59,0.7676,NaN,NaN,NaN,NaN,NaN,NaN,ketone
CC(C)CC(=O)C,313.11,5.56,0.8485,NaN,NaN,NaN,NaN,NaN,NaN,ketone
CC(C)CC(=O)C,313.11,6.71,0.9071,NaN,NaN,NaN,NaN,NaN,NaN,ketone
CC(C)CC(=O)C,333.19,3.05,0.533,NaN,NaN,NaN,NaN,NaN,NaN,ketone
CC(C)CC(=O)C,333.19,4.49,0.6633,NaN,NaN,NaN,NaN,NaN,NaN,ketone
CC(C)CC(=O)C,333.19,6.12,0.7676,NaN,NaN,NaN,NaN,NaN,NaN,ketone
CC(C)CC(=O)C,333.19,7.5,0.8485,NaN,NaN,NaN,NaN,NaN,NaN,ketone
CC(C)CC(=O)C,333.19,9.1,0.9071,NaN,NaN,NaN,NaN,NaN,NaN,ketone
CC(C)CC(=O)C,353.18,3.79,0.533,NaN,NaN,NaN,NaN,NaN,NaN,ketone
CC(C)CC(=O)C,353.18,5.63,0.6633,NaN,NaN,NaN,NaN,NaN,NaN,ketone
CC(C)CC(=O)C,353.18,7.72,0.7676,NaN,NaN,NaN,NaN,NaN,NaN,ketone
CC(C)CC(=O)C,353.18,9.53,0.8485,NaN,NaN,NaN,NaN,NaN,NaN,ketone
CC(C)CC(=O)C,353.18,11.55,0.9071,NaN,NaN,NaN,NaN,NaN,NaN,ketone
CC(CO)O,303.15,0.362,0.0063,NaN,NaN,NaN,NaN,NaN,NaN,alcohol
CC(CO)O,303.15,0.666,0.0184,NaN,NaN,NaN,NaN,NaN,NaN,alcohol
CC(CO)O,303.15,1.138,0.0344,NaN,NaN,NaN,NaN,NaN,NaN,alcohol
CC(CO)O,303.15,1.86,0.0588,NaN,NaN,NaN,NaN,NaN,NaN,alcohol
CC(CO)O,323.15,0.418,0.0063,NaN,NaN,NaN,NaN,NaN,NaN,alcohol
CC(CO)O,323.15,0.812,0.0181,NaN,NaN,NaN,NaN,NaN,NaN,alcohol
CC(CO)O,323.15,1.4,0.0338,NaN,NaN,NaN,NaN,NaN,NaN,alcohol
CC(CO)O,323.15,2.308,0.0577,NaN,NaN,NaN,NaN,NaN,NaN,alcohol
CC(CO)O,373.15,0.558,0.0065,NaN,NaN,NaN,NaN,NaN,NaN,alcohol
CC(CO)O,373.15,1.174,0.0181,NaN,NaN,NaN,NaN,NaN,NaN,alcohol
CC(CO)O,373.15,2.055,0.0339,NaN,NaN,NaN,NaN,NaN,NaN,alcohol
CC(CO)O,373.15,3.428,0.0581,NaN,NaN,NaN,NaN,NaN,NaN,alcohol
CC(CO)O,398.15,0.628,0.0068,NaN,NaN,NaN,NaN,NaN,NaN,alcohol
CC(CO)O,398.15,1.36,0.0186,NaN,NaN,NaN,NaN,NaN,NaN,alcohol
CC(CO)O,398.15,2.382,0.0347,NaN,NaN,NaN,NaN,NaN,NaN,alcohol
CC(CO)O,398.15,3.988,0.0596,NaN,NaN,NaN,NaN,NaN,NaN,alcohol
CC(CO)O,398.2,2.51,0.0344,0.8021,NaN,NaN,NaN,NaN,NaN,alcohol
CC(CO)O,398.2,5.14,0.0737,0.8012,NaN,NaN,NaN,NaN,NaN,alcohol
CC(CO)O,398.2,7.31,0.1172,0.806,NaN,NaN,NaN,NaN,NaN,alcohol
CC(CO)O,398.2,10.33,0.146,0.807,NaN,NaN,NaN,NaN,NaN,alcohol
CC(CO)O,398.2,12.67,0.1719,0.805,NaN,NaN,NaN,NaN,NaN,alcohol
CC(CO)O,398.2,15.07,0.1876,0.8208,NaN,NaN,NaN,NaN,NaN,alcohol
CC(CO)O,398.2,17.73,0.192,0.8021,NaN,NaN,NaN,NaN,NaN,alcohol
CC(CO)O,398.2,20.4,0.2046,0.8272,NaN,NaN,NaN,NaN,NaN,alcohol
CC(CO)O,398.2,22.65,0.2175,0.8216,NaN,NaN,NaN,NaN,NaN,alcohol
CC(CO)O,398.2,25.2,0.2395,0.8222,NaN,NaN,NaN,NaN,NaN,alcohol
CC(CO)O,398.2,27.62,0.2478,0.8167,NaN,NaN,NaN,NaN,NaN,alcohol
CC(CO)O,398.2,30.37,0.2491,0.8066,NaN,NaN,NaN,NaN,NaN,alcohol
CC(CO)O,398.2,32.75,0.2651,0.7974,NaN,NaN,NaN,NaN,NaN,alcohol
CC(CO)O,398.2,35.39,0.298,0.8281,NaN,NaN,NaN,NaN,NaN,alcohol
CC(CO)O,398.2,38.6,0.322,0.8202,NaN,NaN,NaN,NaN,NaN,alcohol
CC(CO)O,398.2,40.59,0.3446,0.8157,NaN,NaN,NaN,NaN,NaN,alcohol
CC(CO)O,398.2,42.3,0.3504,0.797,NaN,NaN,NaN,NaN,NaN,alcohol
CC(CO)O,398.2,45.36,0.3608,0.7987,NaN,NaN,NaN,NaN,NaN,alcohol
CC(CO)O,398.2,47.6,0.3758,0.8099,NaN,NaN,NaN,NaN,NaN,alcohol
CC(CO)O,398.2,50.5,0.3829,0.8205,NaN,NaN,NaN,NaN,NaN,alcohol
CC(CO)O,398.2,52.5,0.4174,0.803,NaN,NaN,NaN,NaN,NaN,alcohol
CC(CO)O,423.15,0.698,0.0072,NaN,NaN,NaN,NaN,NaN,NaN,alcohol
CC(CO)O,423.15,1.542,0.0193,NaN,NaN,NaN,NaN,NaN,NaN,alcohol
CC(CO)O,423.15,2.71,0.036,NaN,NaN,NaN,NaN,NaN,NaN,alcohol
CC(CO)O,423.15,4.548,0.0619,NaN,NaN,NaN,NaN,NaN,NaN,alcohol
CC(CO)O,423.2,3.3,0.0306,0.8016,NaN,NaN,NaN,NaN,NaN,alcohol
CC(CO)O,423.2,5.8,0.063,0.803,NaN,NaN,NaN,NaN,NaN,alcohol
CC(CO)O,423.2,8.3,0.0757,0.8107,NaN,NaN,NaN,NaN,NaN,alcohol
CC(CO)O,423.2,10.6,0.11,0.8159,NaN,NaN,NaN,NaN,NaN,alcohol
CC(CO)O,423.2,13.1,0.1304,0.8107,NaN,NaN,NaN,NaN,NaN,alcohol
CC(CO)O,423.2,16.5,0.1574,0.801,NaN,NaN,NaN,NaN,NaN,alcohol
CC(CO)O,423.2,17.7,0.1636,0.8088,NaN,NaN,NaN,NaN,NaN,alcohol
CC(CO)O,423.2,18,0.1787,0.8227,NaN,NaN,NaN,NaN,NaN,alcohol
CC(CO)O,423.2,20.6,0.2095,0.8002,NaN,NaN,NaN,NaN,NaN,alcohol
CC(CO)O,423.2,23,0.2154,0.7875,NaN,NaN,NaN,NaN,NaN,alcohol
CC(CO)O,423.2,25.5,0.2205,0.7985,NaN,NaN,NaN,NaN,NaN,alcohol
CC(CO)O,423.2,28,0.2414,0.7986,NaN,NaN,NaN,NaN,NaN,alcohol
CC(CO)O,423.2,30.3,0.2525,0.7976,NaN,NaN,NaN,NaN,NaN,alcohol
CC(CO)O,423.2,33,0.2651,0.7976,NaN,NaN,NaN,NaN,NaN,alcohol
CC(CO)O,423.2,35.5,0.2735,0.7954,NaN,NaN,NaN,NaN,NaN,alcohol
CC(CO)O,423.2,38,0.2853,0.8037,NaN,NaN,NaN,NaN,NaN,alcohol
CC(CO)O,423.2,40.5,0.2895,0.7994,NaN,NaN,NaN,NaN,NaN,alcohol
CC(CO)O,423.2,43,0.3202,0.7981,NaN,NaN,NaN,NaN,NaN,alcohol
CC(CO)O,423.2,45.5,0.3402,0.8065,NaN,NaN,NaN,NaN,NaN,alcohol
CC(CO)O,423.2,48,0.3791,0.7912,NaN,NaN,NaN,NaN,NaN,alcohol
CC(CO)O,423.2,50.5,0.392,0.8189,NaN,NaN,NaN,NaN,NaN,alcohol
CC(CO)O,453.2,3,0.0299,0.8144,NaN,NaN,NaN,NaN,NaN,alcohol
CC(CO)O,453.2,5.5,0.0556,0.8034,NaN,NaN,NaN,NaN,NaN,alcohol
CC(CO)O,453.2,8,0.0718,0.801,NaN,NaN,NaN,NaN,NaN,alcohol
CC(CO)O,453.2,10.5,0.1136,0.8077,NaN,NaN,NaN,NaN,NaN,alcohol
CC(CO)O,453.2,13,0.127,0.8055,NaN,NaN,NaN,NaN,NaN,alcohol
CC(CO)O,453.2,15.5,0.1575,0.7966,NaN,NaN,NaN,NaN,NaN,alcohol
CC(CO)O,453.2,18,0.1805,0.8024,NaN,NaN,NaN,NaN,NaN,alcohol
CC(CO)O,453.2,20.5,0.1958,0.7878,NaN,NaN,NaN,NaN,NaN,alcohol
CC(CO)O,453.2,23,0.2142,0.7989,NaN,NaN,NaN,NaN,NaN,alcohol
CC(CO)O,453.2,25.5,0.2258,0.8043,NaN,NaN,NaN,NaN,NaN,alcohol
CC(CO)O,453.2,28,0.2353,0.8111,NaN,NaN,NaN,NaN,NaN,alcohol
CC(CO)O,453.2,30.5,0.2473,0.7944,NaN,NaN,NaN,NaN,NaN,alcohol
CC(CO)O,453.2,33,0.2542,0.7962,NaN,NaN,NaN,NaN,NaN,alcohol
CC(CO)O,453.2,35.5,0.2663,0.8011,NaN,NaN,NaN,NaN,NaN,alcohol
CC(CO)O,453.2,38,0.2832,0.8098,NaN,NaN,NaN,NaN,NaN,alcohol
CC(CO)O,453.2,40.5,0.3047,0.8083,NaN,NaN,NaN,NaN,NaN,alcohol
CC(CO)O,453.2,43,0.3279,0.8004,NaN,NaN,NaN,NaN,NaN,alcohol
CC(CO)O,453.2,45.5,0.3483,0.8156,NaN,NaN,NaN,NaN,NaN,alcohol
CC(O)C,253.15,0.402,0.0699,0.999282,NaN,NaN,NaN,NaN,NaN,alcohol
CC(O)C,253.15,0.511,0.0915,0.999304,NaN,NaN,NaN,NaN,NaN,alcohol
CC(O)C,253.15,0.602,0.0941,0.999339,NaN,NaN,NaN,NaN,NaN,alcohol
CC(O)C,253.15,0.612,0.0935,0.999375,NaN,NaN,NaN,NaN,NaN,alcohol
CC(O)C,253.15,0.683,0.1185,0.999409,NaN,NaN,NaN,NaN,NaN,alcohol
CC(O)C,253.15,0.756,0.1187,0.999449,NaN,NaN,NaN,NaN,NaN,alcohol
CC(O)C,253.15,0.903,0.156,0.999481,NaN,NaN,NaN,NaN,NaN,alcohol
CC(O)C,253.15,0.96,0.1708,0.999519,NaN,NaN,NaN,NaN,NaN,alcohol
CC(O)C,253.15,1.096,0.2029,0.999545,NaN,NaN,NaN,NaN,NaN,alcohol
CC(O)C,253.15,1.199,0.213,0.99958,NaN,NaN,NaN,NaN,NaN,alcohol
CC(O)C,253.15,1.288,0.2479,0.999597,NaN,NaN,NaN,NaN,NaN,alcohol
CC(O)C,253.15,1.396,0.2797,0.999616,NaN,NaN,NaN,NaN,NaN,alcohol
CC(O)C,253.15,1.495,0.2921,0.999632,NaN,NaN,NaN,NaN,NaN,alcohol
CC(O)C,253.15,1.612,0.3589,0.999648,NaN,NaN,NaN,NaN,NaN,alcohol
CC(O)C,253.15,1.692,0.4065,0.999683,NaN,NaN,NaN,NaN,NaN,alcohol
CC(O)C,253.15,1.712,0.4254,0.999721,NaN,NaN,NaN,NaN,NaN,alcohol
CC(O)C,253.15,1.792,0.535,0.999749,NaN,NaN,NaN,NaN,NaN,alcohol
CC(O)CC,253.15,0.397,0.0593,0.999463,NaN,NaN,NaN,NaN,NaN,alcohol
CC(O)CC,253.15,0.608,0.0957,0.999729,NaN,NaN,NaN,NaN,NaN,alcohol
CC(O)CC,253.15,0.797,0.1187,0.999842,NaN,NaN,NaN,NaN,NaN,alcohol
CC(O)CC,253.15,1.003,0.156,0.999847,NaN,NaN,NaN,NaN,NaN,alcohol
CC(O)CC,253.15,1.198,0.1964,0.999864,NaN,NaN,NaN,NaN,NaN,alcohol
CC(O)CC,253.15,1.397,0.256,0.999868,NaN,NaN,NaN,NaN,NaN,alcohol
CC(O)CC,253.15,1.502,0.2842,0.999869,NaN,NaN,NaN,NaN,NaN,alcohol
CC(O)CC,253.15,1.6,0.3062,0.99987,NaN,NaN,NaN,NaN,NaN,alcohol
CC(O)CC,253.15,1.696,0.374,0.999879,NaN,NaN,NaN,NaN,NaN,alcohol
CC(O)CC,253.15,1.812,0.4508,0.999884,NaN,NaN,NaN,NaN,NaN,alcohol
CC(O)CC,253.15,1.853,0.5466,0.999886,NaN,NaN,NaN,NaN,NaN,alcohol
CC(O)CC,253.15,1.903,0.6682,0.999904,NaN,NaN,NaN,NaN,NaN,alcohol
CC(O)CCC,313.2,2.023,0.1123,0.9678,NaN,NaN,NaN,NaN,NaN,alcohol
CC(O)CCC,313.2,3.122,0.1977,0.9763,NaN,NaN,NaN,NaN,NaN,alcohol
CC(O)CCC,313.2,4.052,0.274,0.9797,NaN,NaN,NaN,NaN,NaN,alcohol
CC(O)CCC,313.2,4.898,0.3467,0.9761,NaN,NaN,NaN,NaN,NaN,alcohol
CC(O)CCC,313.2,5.871,0.4555,0.9836,NaN,NaN,NaN,NaN,NaN,alcohol
CC(O)CCC,313.2,6.981,0.6102,0.9909,NaN,NaN,NaN,NaN,NaN,alcohol
CC(O)CCC,313.2,8.056,0.9072,0.9914,NaN,NaN,NaN,NaN,NaN,alcohol
CC(O)CCC,323.2,2.357,0.1208,0.9819,NaN,NaN,NaN,NaN,NaN,alcohol
CC(O)CCC,323.2,3.196,0.1802,0.9799,NaN,NaN,NaN,NaN,NaN,alcohol
CC(O)CCC,323.2,4.201,0.2626,0.9799,NaN,NaN,NaN,NaN,NaN,alcohol
CC(O)CCC,323.2,4.936,0.3172,0.9894,NaN,NaN,NaN,NaN,NaN,alcohol
CC(O)CCC,323.2,5.677,0.4046,0.9843,NaN,NaN,NaN,NaN,NaN,alcohol
CC(O)CCC,323.2,6.256,0.4368,0.9904,NaN,NaN,NaN,NaN,NaN,alcohol
CC(O)CCC,323.2,7.051,0.5212,0.9935,NaN,NaN,NaN,NaN,NaN,alcohol
CC(O)CCC,323.2,7.559,0.5952,0.9942,NaN,NaN,NaN,NaN,NaN,alcohol
CC(O)CCC,323.2,8.541,0.7232,0.9919,NaN,NaN,NaN,NaN,NaN,alcohol
CC(O)CCC,323.2,8.917,0.8311,0.991,NaN,NaN,NaN,NaN,NaN,alcohol
CC(O)CCC,333.2,1.942,0.0957,0.9773,NaN,NaN,NaN,NaN,NaN,alcohol
CC(O)CCC,333.2,3.138,0.1704,0.9776,NaN,NaN,NaN,NaN,NaN,alcohol
CC(O)CCC,333.2,4.338,0.2512,0.9785,NaN,NaN,NaN,NaN,NaN,alcohol
CC(O)CCC,333.2,5.183,0.3117,0.9821,NaN,NaN,NaN,NaN,NaN,alcohol
CC(O)CCC,333.2,6.353,0.4035,0.9902,NaN,NaN,NaN,NaN,NaN,alcohol
CC(O)CCC,333.2,7.325,0.4769,0.9927,NaN,NaN,NaN,NaN,NaN,alcohol
CC(O)CCC,333.2,8.281,0.584,0.9925,NaN,NaN,NaN,NaN,NaN,alcohol
CC(O)CCC,333.2,9.035,0.6919,0.9919,NaN,NaN,NaN,NaN,NaN,alcohol
CC(O)CCC,333.2,10.207,0.8424,0.9912,NaN,NaN,NaN,NaN,NaN,alcohol
CC(O)CO,288.15,0.2322,0.0077,0.0009,NaN,NaN,NaN,NaN,NaN,alcohol
CC(O)CO,288.15,1.7652,0.0584,0.001,NaN,NaN,NaN,NaN,NaN,alcohol
CC(O)CO,288.15,0.5217,0.0173,0.0008,NaN,NaN,NaN,NaN,NaN,alcohol
CC(O)CO,288.15,2.032,0.0672,0.0011,NaN,NaN,NaN,NaN,NaN,alcohol
CC(O)CO,288.15,0.8029,0.0265,0.0008,NaN,NaN,NaN,NaN,NaN,alcohol
CC(O)CO,288.15,2.4953,0.0825,0.0009,NaN,NaN,NaN,NaN,NaN,alcohol
CC(O)CO,288.15,1.1195,0.037,0.0012,NaN,NaN,NaN,NaN,NaN,alcohol
CC(O)CO,288.15,2.8729,0.095,0.0012,NaN,NaN,NaN,NaN,NaN,alcohol
CC(O)CO,288.15,1.4236,0.0471,0.0011,NaN,NaN,NaN,NaN,NaN,alcohol
CC(O)CO,288.15,3.3473,0.1107,0.0009,NaN,NaN,NaN,NaN,NaN,alcohol
CC(O)CO,298.15,0.1373,0.0036,0.0009,NaN,NaN,NaN,NaN,NaN,alcohol
CC(O)CO,298.15,1.9119,0.0501,0.001,NaN,NaN,NaN,NaN,NaN,alcohol
CC(O)CO,298.15,0.3829,0.01,0.0011,NaN,NaN,NaN,NaN,NaN,alcohol
CC(O)CO,298.15,2.3829,0.0625,0.0008,NaN,NaN,NaN,NaN,NaN,alcohol
CC(O)CO,298.15,0.6453,0.0169,0.0009,NaN,NaN,NaN,NaN,NaN,alcohol
CC(O)CO,298.15,2.6521,0.0696,0.0011,NaN,NaN,NaN,NaN,NaN,alcohol
CC(O)CO,298.15,0.9203,0.0241,0.0011,NaN,NaN,NaN,NaN,NaN,alcohol
CC(O)CO,298.15,2.9232,0.0767,0.0013,NaN,NaN,NaN,NaN,NaN,alcohol
CC(O)CO,298.15,1.2765,0.0335,0.0013,NaN,NaN,NaN,NaN,NaN,alcohol
CC(O)CO,298.15,3.2857,0.0861,0.0012,NaN,NaN,NaN,NaN,NaN,alcohol
CC(O)CO,298.15,1.5423,0.0405,0.0008,NaN,NaN,NaN,NaN,NaN,alcohol
CC(O)CO,298.15,3.6984,0.097,0.0013,NaN,NaN,NaN,NaN,NaN,alcohol
CC(O)CO,308.15,0.1277,0.0028,0.0008,NaN,NaN,NaN,NaN,NaN,alcohol
CC(O)CO,308.15,2.4005,0.0526,0.0009,NaN,NaN,NaN,NaN,NaN,alcohol
CC(O)CO,308.15,0.4522,0.0099,0.0009,NaN,NaN,NaN,NaN,NaN,alcohol
CC(O)CO,308.15,2.7432,0.0601,0.0009,NaN,NaN,NaN,NaN,NaN,alcohol
CC(O)CO,308.15,0.7319,0.016,0.0007,NaN,NaN,NaN,NaN,NaN,alcohol
CC(O)CO,308.15,3.0929,0.0678,0.0013,NaN,NaN,NaN,NaN,NaN,alcohol
CC(O)CO,308.15,0.9546,0.0209,0.0008,NaN,NaN,NaN,NaN,NaN,alcohol
CC(O)CO,308.15,3.415,0.0748,0.0008,NaN,NaN,NaN,NaN,NaN,alcohol
CC(O)CO,308.15,1.2364,0.0271,0.0013,NaN,NaN,NaN,NaN,NaN,alcohol
CC(O)CO,308.15,3.8494,0.0843,0.0008,NaN,NaN,NaN,NaN,NaN,alcohol
CC(O)CO,308.15,1.5409,0.0338,0.0009,NaN,NaN,NaN,NaN,NaN,alcohol
CC(O)CO,308.15,4.3572,0.0955,0.0012,NaN,NaN,NaN,NaN,NaN,alcohol
CC(O)CO,308.15,1.8722,0.041,0.0012,NaN,NaN,NaN,NaN,NaN,alcohol
CC(O)CO,308.15,4.8803,0.1069,0.0011,NaN,NaN,NaN,NaN,NaN,alcohol
CC(O)CO,308.15,2.1886,0.048,0.001,NaN,NaN,NaN,NaN,NaN,alcohol
CC(O)CO,308.15,5.2019,0.114,0.001,NaN,NaN,NaN,NaN,NaN,alcohol
CC(O)CO,318.15,0.1743,0.0033,0.0009,NaN,NaN,NaN,NaN,NaN,alcohol
CC(O)CO,318.15,2.7606,0.0525,0.0012,NaN,NaN,NaN,NaN,NaN,alcohol
CC(O)CO,318.15,0.4526,0.0086,0.0012,NaN,NaN,NaN,NaN,NaN,alcohol
CC(O)CO,318.15,3.0343,0.0577,0.0011,NaN,NaN,NaN,NaN,NaN,alcohol
CC(O)CO,318.15,0.7818,0.0149,0.001,NaN,NaN,NaN,NaN,NaN,alcohol
CC(O)CO,318.15,3.5796,0.0681,0.0002,NaN,NaN,NaN,NaN,NaN,alcohol
CC(O)CO,318.15,1.0754,0.0205,0.0009,NaN,NaN,NaN,NaN,NaN,alcohol
CC(O)CO,318.15,3.9088,0.0744,0.0002,NaN,NaN,NaN,NaN,NaN,alcohol
CC(O)CO,318.15,1.3464,0.0256,0.0009,NaN,NaN,NaN,NaN,NaN,alcohol
CC(O)CO,318.15,4.2661,0.0811,0.0007,NaN,NaN,NaN,NaN,NaN,alcohol
CC(O)CO,318.15,1.6577,0.0315,0.0013,NaN,NaN,NaN,NaN,NaN,alcohol
CC(O)CO,318.15,4.6732,0.0889,0.0006,NaN,NaN,NaN,NaN,NaN,alcohol
CC(O)CO,318.15,2.0082,0.0382,0.0008,NaN,NaN,NaN,NaN,NaN,alcohol
CC(O)CO,318.15,5.0008,0.0951,0.0004,NaN,NaN,NaN,NaN,NaN,alcohol
CC(O)CO,318.15,2.3479,0.0447,0.0008,NaN,NaN,NaN,NaN,NaN,alcohol
CC(O)CO,318.15,5.4291,0.1033,0.0003,NaN,NaN,NaN,NaN,NaN,alcohol
CC1=CC=CC=C1,323.2,1.87,0.133,0.986,NaN,NaN,NaN,NaN,NaN,aromatic
CC1=CC=CC=C1,323.2,2.87,0.216,0.991,NaN,NaN,NaN,NaN,NaN,aromatic
CC1=CC=CC=C1,323.2,3.45,0.247,0.992,NaN,NaN,NaN,NaN,NaN,aromatic
CC1=CC=CC=C1,323.2,4.25,0.3,0.992,NaN,NaN,NaN,NaN,NaN,aromatic
CC1=CC=CC=C1,323.2,4.27,0.321,0.992,NaN,NaN,NaN,NaN,NaN,aromatic
CC1=CC=CC=C1,323.2,4.94,0.387,0.991,NaN,NaN,NaN,NaN,NaN,aromatic
CC1=CC=CC=C1,323.2,5.8,0.491,0.989,NaN,NaN,NaN,NaN,NaN,aromatic
CC1=CC=CC=C1,323.2,6.62,0.567,0.986,NaN,NaN,NaN,NaN,NaN,aromatic
CC1=CC=CC=C1,323.2,7.99,0.736,0.983,NaN,NaN,NaN,NaN,NaN,aromatic
CC1=CC=CC=C1,323.2,8.72,0.892,0.982,NaN,NaN,NaN,NaN,NaN,aromatic
CCC(=O)CC,253.15,0.322,0.1789,0.99912,NaN,NaN,NaN,NaN,NaN,ketone
CCC(=O)CC,253.15,0.502,0.2752,0.99944,NaN,NaN,NaN,NaN,NaN,ketone
CCC(=O)CC,253.15,0.703,0.3642,0.99964,NaN,NaN,NaN,NaN,NaN,ketone
CCC(=O)CC,253.15,0.922,0.4832,0.99974,NaN,NaN,NaN,NaN,NaN,ketone
CCC(=O)CC,253.15,1.115,0.581,0.99969,NaN,NaN,NaN,NaN,NaN,ketone
CCC(=O)CC,253.15,1.206,0.6418,0.99978,NaN,NaN,NaN,NaN,NaN,ketone
CCC(=O)CC,253.15,1.512,0.8089,0.9998,NaN,NaN,NaN,NaN,NaN,ketone
CCC(=O)CC,253.15,1.593,0.8488,0.99982,NaN,NaN,NaN,NaN,NaN,ketone
CCC(=O)CC,253.15,1.698,0.8779,0.99985,NaN,NaN,NaN,NaN,NaN,ketone
CCC(=O)CC,253.15,1.748,0.9133,0.99987,NaN,NaN,NaN,NaN,NaN,ketone
CCC(=O)CC,263.15,0.302,0.1278,0.99733,NaN,NaN,NaN,NaN,NaN,ketone
CCC(=O)CC,263.15,0.407,0.1579,0.99865,NaN,NaN,NaN,NaN,NaN,ketone
CCC(=O)CC,263.15,0.616,0.2366,0.999087,NaN,NaN,NaN,NaN,NaN,ketone
CCC(=O)CC,263.15,0.805,0.2945,0.999324,NaN,NaN,NaN,NaN,NaN,ketone
CCC(=O)CC,263.15,1.023,0.3938,0.99935,NaN,NaN,NaN,NaN,NaN,ketone
CCC(=O)CC,263.15,1.206,0.4534,0.999364,NaN,NaN,NaN,NaN,NaN,ketone
CCC(=O)CC,263.15,1.702,0.6468,0.999467,NaN,NaN,NaN,NaN,NaN,ketone
CCC(=O)CC,263.15,1.999,0.7731,0.999495,NaN,NaN,NaN,NaN,NaN,ketone
CCC(=O)CC,263.15,2.116,0.849,0.999511,NaN,NaN,NaN,NaN,NaN,ketone
CCC(C)CO,313.2,2.002,0.1022,0.9766,NaN,NaN,NaN,NaN,NaN,alcohol
CCC(C)CO,313.2,3.437,0.2066,0.985,NaN,NaN,NaN,NaN,NaN,alcohol
CCC(C)CO,313.2,4.135,0.2681,0.9807,NaN,NaN,NaN,NaN,NaN,alcohol
CCC(C)CO,313.2,5.233,0.3676,0.9939,NaN,NaN,NaN,NaN,NaN,alcohol
CCC(C)CO,313.2,6.27,0.483,0.9895,NaN,NaN,NaN,NaN,NaN,alcohol
CCC(C)CO,313.2,7.097,0.6111,0.9912,NaN,NaN,NaN,NaN,NaN,alcohol
CCC(C)CO,313.2,7.954,0.8778,0.9929,NaN,NaN,NaN,NaN,NaN,alcohol
CCC(C)CO,323.2,2.026,0.0978,0.9645,NaN,NaN,NaN,NaN,NaN,alcohol
CCC(C)CO,323.2,3.228,0.1752,0.981,NaN,NaN,NaN,NaN,NaN,alcohol
CCC(C)CO,323.2,4.388,0.2519,0.9827,NaN,NaN,NaN,NaN,NaN,alcohol
CCC(C)CO,323.2,5.341,0.3142,0.9844,NaN,NaN,NaN,NaN,NaN,alcohol
CCC(C)CO,323.2,6.258,0.4246,0.989,NaN,NaN,NaN,NaN,NaN,alcohol
CCC(C)CO,323.2,7.272,0.5482,0.9912,NaN,NaN,NaN,NaN,NaN,alcohol
CCC(C)CO,323.2,7.679,0.5949,0.9915,NaN,NaN,NaN,NaN,NaN,alcohol
CCC(C)CO,323.2,8.407,0.7008,0.9921,NaN,NaN,NaN,NaN,NaN,alcohol
CCC(C)CO,323.2,8.772,0.7691,0.9927,NaN,NaN,NaN,NaN,NaN,alcohol
CCC(C)CO,323.2,9.034,0.8212,0.9913,NaN,NaN,NaN,NaN,NaN,alcohol
CCC(C)CO,332.1,7.68,0.5356,0.9951,NaN,NaN,NaN,NaN,NaN,alcohol
CCC(C)CO,332.1,8.703,0.6351,0.9882,NaN,NaN,NaN,NaN,NaN,alcohol
CCC(C)CO,332.1,9.253,0.6937,0.9869,NaN,NaN,NaN,NaN,NaN,alcohol
CCC(C)CO,332.1,9.572,0.7421,0.984,NaN,NaN,NaN,NaN,NaN,alcohol
CCC(C)CO,332.1,9.973,0.8087,0.9603,NaN,NaN,NaN,NaN,NaN,alcohol
CCC(C)CO,332.1,10.212,0.8468,0.9615,NaN,NaN,NaN,NaN,NaN,alcohol
CCC(C)CO,332.1,10.405,0.8938,0.9664,NaN,NaN,NaN,NaN,NaN,alcohol
CCC(C)CO,332.1,10.483,0.9426,0.9489,NaN,NaN,NaN,NaN,NaN,alcohol
CCC(C)CO,332.1,10.489,0.9459,NaN,NaN,NaN,NaN,NaN,NaN,alcohol
CCC(C)CO,333.2,2.255,0.096,0.9687,NaN,NaN,NaN,NaN,NaN,alcohol
CCC(C)CO,333.2,3.022,0.1492,0.9699,NaN,NaN,NaN,NaN,NaN,alcohol
CCC(C)CO,333.2,4.132,0.2171,0.9855,NaN,NaN,NaN,NaN,NaN,alcohol
CCC(C)CO,333.2,5.18,0.2901,0.9834,NaN,NaN,NaN,NaN,NaN,alcohol
CCC(C)CO,333.2,5.738,0.317,0.9845,NaN,NaN,NaN,NaN,NaN,alcohol
CCC(C)CO,333.2,6.445,0.3667,0.9893,NaN,NaN,NaN,NaN,NaN,alcohol
CCC(C)CO,333.2,7.536,0.4539,0.9924,NaN,NaN,NaN,NaN,NaN,alcohol
CCC(C)CO,333.2,8.523,0.5539,0.9931,NaN,NaN,NaN,NaN,NaN,alcohol
CCC(C)CO,333.2,9.818,0.6798,0.9916,NaN,NaN,NaN,NaN,NaN,alcohol
CCC(C)CO,333.2,10.587,0.7841,0.9916,NaN,NaN,NaN,NaN,NaN,alcohol
CCC(C)CO,374.15,5.177,0.2622,0.9751,NaN,NaN,NaN,NaN,NaN,alcohol
CCC(C)CO,374.15,7.069,0.3512,0.9756,NaN,NaN,NaN,NaN,NaN,alcohol
CCC(C)CO,374.15,8.463,0.4256,0.9734,NaN,NaN,NaN,NaN,NaN,alcohol
CCC(C)CO,374.15,10.728,0.5422,0.9674,NaN,NaN,NaN,NaN,NaN,alcohol
CCC(C)CO,374.15,12.279,0.6325,0.9516,NaN,NaN,NaN,NaN,NaN,alcohol
CCC(C)CO,374.15,14.098,0.7449,0.9229,NaN,NaN,NaN,NaN,NaN,alcohol
CCC(C)CO,374.15,14.532,0.8007,0.8959,NaN,NaN,NaN,NaN,NaN,alcohol
CCC(C)CO,374.15,14.616,0.8229,0.8776,NaN,NaN,NaN,NaN,NaN,alcohol
CCC(C)CO,374.15,14.629,0.8376,0.8734,NaN,NaN,NaN,NaN,NaN,alcohol
CCC(C)CO,374.15,14.637,0.8555,NaN,NaN,NaN,NaN,NaN,NaN,alcohol
CCC(C)CO,397.56,3.383,0.163,0.9502,NaN,NaN,NaN,NaN,NaN,alcohol
CCC(C)CO,397.56,4.954,0.236,0.9501,NaN,NaN,NaN,NaN,NaN,alcohol
CCC(C)CO,397.56,6.635,0.3118,0.9532,NaN,NaN,NaN,NaN,NaN,alcohol
CCC(C)CO,397.56,8.306,0.3898,0.9505,NaN,NaN,NaN,NaN,NaN,alcohol
CCC(C)CO,397.56,9.798,0.4446,0.9479,NaN,NaN,NaN,NaN,NaN,alcohol
CCC(C)CO,397.56,11.355,0.5128,0.9408,NaN,NaN,NaN,NaN,NaN,alcohol
CCC(C)CO,397.56,12.829,0.5852,0.9297,NaN,NaN,NaN,NaN,NaN,alcohol
CCC(C)CO,397.56,13.946,0.6432,0.9154,NaN,NaN,NaN,NaN,NaN,alcohol
CCC(C)CO,397.56,15.002,0.7135,0.9001,NaN,NaN,NaN,NaN,NaN,alcohol
CCC(C)CO,397.56,15.409,0.7484,0.8783,NaN,NaN,NaN,NaN,NaN,alcohol
CCC(C)CO,397.56,15.505,0.7625,0.86,NaN,NaN,NaN,NaN,NaN,alcohol
CCC(C)CO,397.56,15.586,0.7805,0.85,NaN,NaN,NaN,NaN,NaN,alcohol
CCC(C)CO,397.56,15.619,0.7943,0.8383,NaN,NaN,NaN,NaN,NaN,alcohol
CCC(C)CO,397.56,15.632,0.818,NaN,NaN,NaN,NaN,NaN,NaN,alcohol
CCC(C)CO,431.78,2.122,0.088,0.8172,NaN,NaN,NaN,NaN,NaN,alcohol
CCC(C)CO,431.78,3.551,0.1496,0.868,NaN,NaN,NaN,NaN,NaN,alcohol
CCC(C)CO,431.78,5.275,0.2239,0.8881,NaN,NaN,NaN,NaN,NaN,alcohol
CCC(C)CO,431.78,7.111,0.2997,0.8967,NaN,NaN,NaN,NaN,NaN,alcohol
CCC(C)CO,431.78,8.779,0.372,0.8999,NaN,NaN,NaN,NaN,NaN,alcohol
CCC(C)CO,431.78,10.346,0.4404,0.8949,NaN,NaN,NaN,NaN,NaN,alcohol
CCC(C)CO,431.78,11.927,0.5105,0.8838,NaN,NaN,NaN,NaN,NaN,alcohol
CCC(C)CO,431.78,13.643,0.5736,0.8653,NaN,NaN,NaN,NaN,NaN,alcohol
CCC(C)CO,431.78,14.881,0.6394,0.8412,NaN,NaN,NaN,NaN,NaN,alcohol
CCC(C)CO,431.78,15.278,0.6733,0.8156,NaN,NaN,NaN,NaN,NaN,alcohol
CCC(C)CO,431.78,15.499,0.7069,0.7871,NaN,NaN,NaN,NaN,NaN,alcohol
CCC(C)CO,431.78,15.542,0.7233,0.7639,NaN,NaN,NaN,NaN,NaN,alcohol
CCC(C)CO,431.78,15.549,0.7289,0.7489,NaN,NaN,NaN,NaN,NaN,alcohol
CCC(C)CO,431.78,15.563,0.7384,NaN,NaN,NaN,NaN,NaN,NaN,alcohol
CCCC(=O)OC,243.15,0.304,0.2407,0.99989,12.91,-36.64,NaN,NaN,NaN,ester
CCCC(=O)OC,243.15,0.502,0.3946,0.99994,12.91,-36.64,NaN,NaN,NaN,ester
CCCC(=O)OC,243.15,0.597,0.4667,0.99996,12.91,-36.64,NaN,NaN,NaN,ester
CCCC(=O)OC,243.15,0.702,0.5459,0.99997,12.91,-36.64,NaN,NaN,NaN,ester
CCCC(=O)OC,243.15,0.801,0.6141,0.99997,12.91,-36.64,NaN,NaN,NaN,ester
CCCC(=O)OC,243.15,1.003,0.7478,0.99999,12.91,-36.64,NaN,NaN,NaN,ester
CCCC(=O)OC,253.15,0.406,0.2418,0.99975,12.91,-36.64,NaN,NaN,NaN,ester
CCCC(=O)OC,253.15,0.601,0.339,0.99981,12.91,-36.64,NaN,NaN,NaN,ester
CCCC(=O)OC,253.15,0.802,0.4476,0.99988,12.91,-36.64,NaN,NaN,NaN,ester
CCCC(=O)OC,253.15,1.002,0.5485,0.99993,12.91,-36.64,NaN,NaN,NaN,ester
CCCC(=O)OC,253.15,1.303,0.7034,0.99996,12.91,-36.64,NaN,NaN,NaN,ester
CCCC(=O)OC,253.15,1.605,0.8561,0.99998,12.91,-36.64,NaN,NaN,NaN,ester
CCCC(=O)OC,263.15,0.499,0.2243,0.99969,12.91,-36.64,NaN,NaN,NaN,ester
CCCC(=O)OC,263.15,0.798,0.3482,0.9998,12.91,-36.64,NaN,NaN,NaN,ester
CCCC(=O)OC,263.15,1.105,0.4706,0.99986,12.91,-36.64,NaN,NaN,NaN,ester
CCCC(=O)OC,263.15,1.397,0.5809,0.99989,12.91,-36.64,NaN,NaN,NaN,ester
CCCC(=O)OC,263.15,1.702,0.6949,0.99992,12.91,-36.64,NaN,NaN,NaN,ester
CCCC(=O)OC,263.15,2.003,0.8013,0.99994,12.91,-36.64,NaN,NaN,NaN,ester
CCCC(=O)OC,263.15,2.306,0.8984,0.99996,12.91,-36.64,NaN,NaN,NaN,ester
CCCCCCCCCCCC(=O)OCC,308.15,1.48,0.2238,0.9999,NaN,NaN,NaN,NaN,NaN,ester
CCCCCCCCCCCC(=O)OCC,308.15,2.859,0.3843,0.9999,NaN,NaN,NaN,NaN,NaN,ester
CCCCCCCCCCCC(=O)OCC,308.15,3.549,0.4687,0.9999,NaN,NaN,NaN,NaN,NaN,ester
CCCCCCCCCCCC(=O)OCC,308.15,4.238,0.5424,0.9999,NaN,NaN,NaN,NaN,NaN,ester
CCCCCCCCCCCC(=O)OCC,308.15,4.928,0.6108,0.9999,NaN,NaN,NaN,NaN,NaN,ester
CCCCCCCCCCCC(=O)OCC,308.15,5.617,0.6822,0.9999,NaN,NaN,NaN,NaN,NaN,ester
CCCCCCCCCCCC(=O)OCC,308.15,6.307,0.7406,0.9999,NaN,NaN,NaN,NaN,NaN,ester
CCCCCCCCCCCC(=O)OCC,308.15,6.996,0.7944,0.9999,NaN,NaN,NaN,NaN,NaN,ester
CCCCCCCCCCCC(=O)OCC,318.15,1.48,0.1993,0.9999,NaN,NaN,NaN,NaN,NaN,ester
CCCCCCCCCCCC(=O)OCC,318.15,2.859,0.3467,0.9999,NaN,NaN,NaN,NaN,NaN,ester
CCCCCCCCCCCC(=O)OCC,318.15,3.549,0.4222,0.9999,NaN,NaN,NaN,NaN,NaN,ester
CCCCCCCCCCCC(=O)OCC,318.15,4.238,0.4826,0.9999,NaN,NaN,NaN,NaN,NaN,ester
CCCCCCCCCCCC(=O)OCC,318.15,4.928,0.5373,0.9999,NaN,NaN,NaN,NaN,NaN,ester
CCCCCCCCCCCC(=O)OCC,318.15,5.617,0.59,0.9999,NaN,NaN,NaN,NaN,NaN,ester
CCCCCCCCCCCC(=O)OCC,318.15,7.065,0.7073,0.9999,NaN,NaN,NaN,NaN,NaN,ester
CCCCCCCCCCCC(=O)OCC,318.15,8.306,0.7804,0.9997,NaN,NaN,NaN,NaN,NaN,ester
CCCCCCCCCCCC(=O)OCC,328.15,1.48,0.175,0.9999,NaN,NaN,NaN,NaN,NaN,ester
CCCCCCCCCCCC(=O)OCC,328.15,2.859,0.3133,0.9999,NaN,NaN,NaN,NaN,NaN,ester
CCCCCCCCCCCC(=O)OCC,328.15,3.549,0.3775,0.9999,NaN,NaN,NaN,NaN,NaN,ester
CCCCCCCCCCCC(=O)OCC,328.15,4.238,0.4263,0.9999,NaN,NaN,NaN,NaN,NaN,ester
CCCCCCCCCCCC(=O)OCC,328.15,5.6,0.5351,0.9999,NaN,NaN,NaN,NaN,NaN,ester
CCCCCCCCCCCC(=O)OCC,328.15,7.082,0.6444,0.9999,NaN,NaN,NaN,NaN,NaN,ester
CCCCCCCCCCCC(=O)OCC,328.15,8.444,0.7145,0.9997,NaN,NaN,NaN,NaN,NaN,ester
CCCCCCCCCCCC(=O)OCC,328.15,9.185,0.7443,0.9995,NaN,NaN,NaN,NaN,NaN,ester
CCCCCCCCCCCC(=O)OCC,328.15,10.099,0.7926,0.9988,NaN,NaN,NaN,NaN,NaN,ester
CCCCCO,288.15,0.0942,0.0023,0.0014,NaN,NaN,NaN,NaN,NaN,alcohol
CCCCCO,288.15,1.6728,0.041,0.001,NaN,NaN,NaN,NaN,NaN,alcohol
CCCCCO,288.15,0.2183,0.0054,0.0012,NaN,NaN,NaN,NaN,NaN,alcohol
CCCCCO,288.15,1.963,0.0481,0.0009,NaN,NaN,NaN,NaN,NaN,alcohol
CCCCCO,288.15,0.4355,0.0107,0.0011,NaN,NaN,NaN,NaN,NaN,alcohol
CCCCCO,288.15,2.3775,0.0583,0.0011,NaN,NaN,NaN,NaN,NaN,alcohol
CCCCCO,288.15,0.6175,0.0151,0.0012,NaN,NaN,NaN,NaN,NaN,alcohol
CCCCCO,288.15,2.6941,0.066,0.0009,NaN,NaN,NaN,NaN,NaN,alcohol
CCCCCO,288.15,0.9188,0.0225,0.0012,NaN,NaN,NaN,NaN,NaN,alcohol
CCCCCO,288.15,2.9316,0.0719,0.0009,NaN,NaN,NaN,NaN,NaN,alcohol
CCCCCO,288.15,1.2089,0.0296,0.0011,NaN,NaN,NaN,NaN,NaN,alcohol
CCCCCO,288.15,3.3228,0.0814,0.0009,NaN,NaN,NaN,NaN,NaN,alcohol
CCCCCO,293.15,0.52,0.0358,0.9924,NaN,NaN,NaN,NaN,NaN,alcohol
CCCCCO,293.15,0.98,0.0738,0.996,NaN,NaN,NaN,NaN,NaN,alcohol
CCCCCO,293.15,1.97,0.1572,0.9986,NaN,NaN,NaN,NaN,NaN,alcohol
CCCCCO,293.15,2.92,0.2486,0.9989,NaN,NaN,NaN,NaN,NaN,alcohol
CCCCCO,293.15,4.2,0.3832,0.9988,NaN,NaN,NaN,NaN,NaN,alcohol
CCCCCO,293.15,4.74,0.4583,0.9988,NaN,NaN,NaN,NaN,NaN,alcohol
CCCCCO,293.15,5.23,0.596,0.9986,NaN,NaN,NaN,NaN,NaN,alcohol
CCCCCO,293.15,5.42,0.7457,0.998,NaN,NaN,NaN,NaN,NaN,alcohol
CCCCCO,293.15,5.45,0.7641,0.998,NaN,NaN,NaN,NaN,NaN,alcohol
CCCCCO,298.15,0.1712,0.0036,0.0011,NaN,NaN,NaN,NaN,NaN,alcohol
CCCCCO,298.15,2.4375,0.0511,0.0008,NaN,NaN,NaN,NaN,NaN,alcohol
CCCCCO,298.15,0.3612,0.0076,0.0009,NaN,NaN,NaN,NaN,NaN,alcohol
CCCCCO,298.15,2.9163,0.0612,0.0011,NaN,NaN,NaN,NaN,NaN,alcohol
CCCCCO,298.15,0.7228,0.0152,0.0012,NaN,NaN,NaN,NaN,NaN,alcohol
CCCCCO,298.15,3.3672,0.0706,0.0009,NaN,NaN,NaN,NaN,NaN,alcohol
CCCCCO,298.15,1.1032,0.0231,0.0009,NaN,NaN,NaN,NaN,NaN,alcohol
CCCCCO,298.15,3.7089,0.0778,0.001,NaN,NaN,NaN,NaN,NaN,alcohol
CCCCCO,298.15,1.5316,0.0321,0.0011,NaN,NaN,NaN,NaN,NaN,alcohol
CCCCCO,298.15,4.2144,0.0884,0.0009,NaN,NaN,NaN,NaN,NaN,alcohol
CCCCCO,298.15,1.9941,0.0418,0.001,NaN,NaN,NaN,NaN,NaN,alcohol
CCCCCO,303,1.05,0.07,NaN,NaN,NaN,NaN,NaN,NaN,alcohol
CCCCCO,303,2.03,0.14,NaN,NaN,NaN,NaN,NaN,NaN,alcohol
CCCCCO,303,3.22,0.217,NaN,NaN,NaN,NaN,NaN,NaN,alcohol
CCCCCO,303,4.1,0.304,NaN,NaN,NaN,NaN,NaN,NaN,alcohol
CCCCCO,303,4.97,0.384,NaN,NaN,NaN,NaN,NaN,NaN,alcohol
CCCCCO,303.15,0.6,0.0394,0.9928,NaN,NaN,NaN,NaN,NaN,alcohol
CCCCCO,303.15,1,0.0668,0.9962,NaN,NaN,NaN,NaN,NaN,alcohol
CCCCCO,303.15,2.03,0.1504,0.998,NaN,NaN,NaN,NaN,NaN,alcohol
CCCCCO,303.15,3,0.2293,0.9986,NaN,NaN,NaN,NaN,NaN,alcohol
CCCCCO,303.15,4.09,0.299,0.9988,NaN,NaN,NaN,NaN,NaN,alcohol
CCCCCO,303.15,4.7,0.3668,0.9986,NaN,NaN,NaN,NaN,NaN,alcohol
CCCCCO,303.15,5.78,0.4843,0.9982,NaN,NaN,NaN,NaN,NaN,alcohol
CCCCCO,303.15,6.27,0.5509,0.9968,NaN,NaN,NaN,NaN,NaN,alcohol
CCCCCO,303.15,6.74,0.8463,0.9945,NaN,NaN,NaN,NaN,NaN,alcohol
CCCCCO,303.15,6.75,0.8471,0.9946,NaN,NaN,NaN,NaN,NaN,alcohol
CCCCCO,308.15,0.2417,0.0045,0.001,NaN,NaN,NaN,NaN,NaN,alcohol
CCCCCO,308.15,2.9103,0.0542,0.0011,NaN,NaN,NaN,NaN,NaN,alcohol
CCCCCO,308.15,0.5708,0.0106,0.0009,NaN,NaN,NaN,NaN,NaN,alcohol
CCCCCO,308.15,3.3722,0.0628,0.0011,NaN,NaN,NaN,NaN,NaN,alcohol
CCCCCO,308.15,0.9367,0.0174,0.0009,NaN,NaN,NaN,NaN,NaN,alcohol
CCCCCO,308.15,3.6361,0.0677,0.0008,NaN,NaN,NaN,NaN,NaN,alcohol
CCCCCO,308.15,1.3913,0.0259,0.001,NaN,NaN,NaN,NaN,NaN,alcohol
CCCCCO,308.15,3.9718,0.074,0.0009,NaN,NaN,NaN,NaN,NaN,alcohol
CCCCCO,308.15,1.7435,0.0325,0.001,NaN,NaN,NaN,NaN,NaN,alcohol
CCCCCO,308.15,4.2429,0.079,0.0008,NaN,NaN,NaN,NaN,NaN,alcohol
CCCCCO,308.15,2.2994,0.0428,0.0009,NaN,NaN,NaN,NaN,NaN,alcohol
CCCCCO,308.15,4.6175,0.086,0.0008,NaN,NaN,NaN,NaN,NaN,alcohol
CCCCCO,308.15,2.6531,0.0494,0.0008,NaN,NaN,NaN,NaN,NaN,alcohol
CCCCCO,308.15,5.0354,0.0938,0.0012,NaN,NaN,NaN,NaN,NaN,alcohol
CCCCCO,313,1.81,0.104,0.977,NaN,NaN,NaN,NaN,NaN,alcohol
CCCCCO,313,3,0.187,0.981,NaN,NaN,NaN,NaN,NaN,alcohol
CCCCCO,313,4.09,0.263,0.982,NaN,NaN,NaN,NaN,NaN,alcohol
CCCCCO,313,5.27,0.34,0.985,NaN,NaN,NaN,NaN,NaN,alcohol
CCCCCO,313,6.29,0.423,0.992,NaN,NaN,NaN,NaN,NaN,alcohol
CCCCCO,313,6.75,0.477,0.992,NaN,NaN,NaN,NaN,NaN,alcohol
CCCCCO,313,7.6,0.57,0.993,NaN,NaN,NaN,NaN,NaN,alcohol
CCCCCO,313,8.15,0.683,0.998,NaN,NaN,NaN,NaN,NaN,alcohol
CCCCCO,313,8.39,0.76,0.995,NaN,NaN,NaN,NaN,NaN,alcohol
CCCCCO,313.22,2.144,0.1294,0.9981,NaN,NaN,NaN,NaN,NaN,alcohol
CCCCCO,313.22,3.541,0.2204,0.9982,NaN,NaN,NaN,NaN,NaN,alcohol
CCCCCO,313.22,3.823,0.2354,0.9982,NaN,NaN,NaN,NaN,NaN,alcohol
CCCCCO,313.22,5.325,0.3409,0.9977,NaN,NaN,NaN,NaN,NaN,alcohol
CCCCCO,313.22,6.383,0.4311,0.9973,NaN,NaN,NaN,NaN,NaN,alcohol
CCCCCO,313.22,7.508,0.5847,0.9952,NaN,NaN,NaN,NaN,NaN,alcohol
CCCCCO,313.22,8.063,0.8543,0.9916,NaN,NaN,NaN,NaN,NaN,alcohol
CCCCCO,316.15,0.51,0.0278,0.9883,NaN,NaN,NaN,NaN,NaN,alcohol
CCCCCO,316.15,1.25,0.0782,0.9937,NaN,NaN,NaN,NaN,NaN,alcohol
CCCCCO,316.15,2.29,0.1301,0.9969,NaN,NaN,NaN,NaN,NaN,alcohol
CCCCCO,316.15,3.23,0.2008,0.9975,NaN,NaN,NaN,NaN,NaN,alcohol
CCCCCO,316.15,4.3,0.2654,0.9975,NaN,NaN,NaN,NaN,NaN,alcohol
CCCCCO,316.15,5.31,0.3328,0.9975,NaN,NaN,NaN,NaN,NaN,alcohol
CCCCCO,316.15,6.28,0.4089,0.9969,NaN,NaN,NaN,NaN,NaN,alcohol
CCCCCO,316.15,7.32,0.4823,0.9959,NaN,NaN,NaN,NaN,NaN,alcohol
CCCCCO,318.15,0.1461,0.0024,0.0011,NaN,NaN,NaN,NaN,NaN,alcohol
CCCCCO,318.15,3.2564,0.0537,0.0012,NaN,NaN,NaN,NaN,NaN,alcohol
CCCCCO,318.15,0.4555,0.0075,0.0011,NaN,NaN,NaN,NaN,NaN,alcohol
CCCCCO,318.15,3.6919,0.0608,0.0009,NaN,NaN,NaN,NaN,NaN,alcohol
CCCCCO,318.15,0.8213,0.0135,0.001,NaN,NaN,NaN,NaN,NaN,alcohol
CCCCCO,318.15,4.0725,0.0671,0.0011,NaN,NaN,NaN,NaN,NaN,alcohol
CCCCCO,318.15,1.2942,0.0213,0.0009,NaN,NaN,NaN,NaN,NaN,alcohol
CCCCCO,318.15,4.4036,0.0726,0.0006,NaN,NaN,NaN,NaN,NaN,alcohol
CCCCCO,318.15,1.6103,0.0265,0.0011,NaN,NaN,NaN,NaN,NaN,alcohol
CCCCCO,318.15,4.8601,0.0801,0.0005,NaN,NaN,NaN,NaN,NaN,alcohol
CCCCCO,318.15,2.1505,0.0354,0.001,NaN,NaN,NaN,NaN,NaN,alcohol
CCCCCO,318.15,5.2996,0.0873,0.0005,NaN,NaN,NaN,NaN,NaN,alcohol
CCCCCO,318.15,2.4781,0.0408,0.0011,NaN,NaN,NaN,NaN,NaN,alcohol
CCCCCO,318.15,5.7898,0.0954,0.0009,NaN,NaN,NaN,NaN,NaN,alcohol
CCCCCO,318.15,2.9077,0.0479,0.0009,NaN,NaN,NaN,NaN,NaN,alcohol
CCCCCO,323,1.82,0.091,0.974,NaN,NaN,NaN,NaN,NaN,alcohol
CCCCCO,323,2.29,0.119,0.982,NaN,NaN,NaN,NaN,NaN,alcohol
CCCCCO,323,2.96,0.149,0.984,NaN,NaN,NaN,NaN,NaN,alcohol
CCCCCO,323,4.27,0.222,0.986,NaN,NaN,NaN,NaN,NaN,alcohol
CCCCCO,323,5.22,0.282,0.991,NaN,NaN,NaN,NaN,NaN,alcohol
CCCCCO,323,6.01,0.339,0.992,NaN,NaN,NaN,NaN,NaN,alcohol
CCCCCO,323,7,0.412,0.992,NaN,NaN,NaN,NaN,NaN,alcohol
CCCCCO,323,8.15,0.51,0.994,NaN,NaN,NaN,NaN,NaN,alcohol
CCCCCO,323,9.13,0.606,0.996,NaN,NaN,NaN,NaN,NaN,alcohol
CCCCCO,323,9.6,0.673,0.992,NaN,NaN,NaN,NaN,NaN,alcohol
CCCCCO,323,10.01,0.755,0.993,NaN,NaN,NaN,NaN,NaN,alcohol
CCCCCO,323.1,0.92,0.047,NaN,NaN,NaN,NaN,NaN,NaN,alcohol
CCCCCO,323.1,1.92,0.098,NaN,NaN,NaN,NaN,NaN,NaN,alcohol
CCCCCO,323.1,2.94,0.151,NaN,NaN,NaN,NaN,NaN,NaN,alcohol
CCCCCO,323.1,3.99,0.223,NaN,NaN,NaN,NaN,NaN,NaN,alcohol
CCCCCO,323.1,5.1,0.288,NaN,NaN,NaN,NaN,NaN,NaN,alcohol
CCCCCO,323.1,6.25,0.374,NaN,NaN,NaN,NaN,NaN,NaN,alcohol
CCCCCO,333,2.4,0.102,0.968,NaN,NaN,NaN,NaN,NaN,alcohol
CCCCCO,333,3.37,0.159,0.975,NaN,NaN,NaN,NaN,NaN,alcohol
CCCCCO,333,4.26,0.211,0.983,NaN,NaN,NaN,NaN,NaN,alcohol
CCCCCO,333,5.3,0.261,0.987,NaN,NaN,NaN,NaN,NaN,alcohol
CCCCCO,333,6.32,0.333,0.989,NaN,NaN,NaN,NaN,NaN,alcohol
CCCCCO,333,7.29,0.385,0.992,NaN,NaN,NaN,NaN,NaN,alcohol
CCCCCO,333,7.81,0.42,0.991,NaN,NaN,NaN,NaN,NaN,alcohol
CCCCCO,333,9.18,0.515,0.993,NaN,NaN,NaN,NaN,NaN,alcohol
CCCCCO,333,10.29,0.611,0.993,NaN,NaN,NaN,NaN,NaN,alcohol
CCCCCO,333,11.21,0.703,0.994,NaN,NaN,NaN,NaN,NaN,alcohol
CCCCCO,333,11.72,0.744,0.989,NaN,NaN,NaN,NaN,NaN,alcohol
CCCCCO,333.15,0.59,0.0383,0.9889,NaN,NaN,NaN,NaN,NaN,alcohol
CCCCCO,333.15,1.41,0.0725,0.9905,NaN,NaN,NaN,NaN,NaN,alcohol
CCCCCO,333.15,2.65,0.1388,0.9926,NaN,NaN,NaN,NaN,NaN,alcohol
CCCCCO,333.15,3.38,0.182,0.9935,NaN,NaN,NaN,NaN,NaN,alcohol
CCCCCO,333.15,4.55,0.2365,0.9931,NaN,NaN,NaN,NaN,NaN,alcohol
CCCCCO,333.15,5.88,0.3144,0.9932,NaN,NaN,NaN,NaN,NaN,alcohol
CCCCCO,333.15,7.34,0.3927,0.9919,NaN,NaN,NaN,NaN,NaN,alcohol
CCCCCO,333.15,8.48,0.4638,0.9903,NaN,NaN,NaN,NaN,NaN,alcohol
CCCCCO,333.15,9.75,0.5507,0.9875,NaN,NaN,NaN,NaN,NaN,alcohol
CCCCCO,333.15,10.67,0.6208,0.9836,NaN,NaN,NaN,NaN,NaN,alcohol
CCCCCO,363.17,3.093,0.1186,0.9807,NaN,NaN,NaN,NaN,NaN,alcohol
CCCCCO,363.17,5.132,0.1985,0.9823,NaN,NaN,NaN,NaN,NaN,alcohol
CCCCCO,363.17,6.986,0.2821,0.9816,NaN,NaN,NaN,NaN,NaN,alcohol
CCCCCO,363.17,8.95,0.3623,0.9803,NaN,NaN,NaN,NaN,NaN,alcohol
CCCCCO,363.17,11.182,0.4604,0.9719,NaN,NaN,NaN,NaN,NaN,alcohol
CCCCCO,363.17,12.975,0.5637,0.9578,NaN,NaN,NaN,NaN,NaN,alcohol
CCCCCO,363.17,14.143,0.6867,0.9359,NaN,NaN,NaN,NaN,NaN,alcohol
CCCCCO,363.17,14.402,0.7105,0.9175,NaN,NaN,NaN,NaN,NaN,alcohol
CCCCCO,363.17,14.895,0.7597,0.8798,NaN,NaN,NaN,NaN,NaN,alcohol
CCCCO,288.15,0.1273,0.0123,0.0011,NaN,NaN,NaN,NaN,NaN,alcohol
CCCCO,288.15,1.7637,0.171,0.0003,NaN,NaN,NaN,NaN,NaN,alcohol
CCCCO,288.15,0.3534,0.0343,0.001,NaN,NaN,NaN,NaN,NaN,alcohol
CCCCO,288.15,1.9866,0.1926,0.0004,NaN,NaN,NaN,NaN,NaN,alcohol
CCCCO,288.15,0.6283,0.0609,0.0009,NaN,NaN,NaN,NaN,NaN,alcohol
CCCCO,288.15,2.1898,0.2124,0.0012,NaN,NaN,NaN,NaN,NaN,alcohol
CCCCO,288.15,0.8715,0.0845,0.0008,NaN,NaN,NaN,NaN,NaN,alcohol
CCCCO,288.15,2.4667,0.2392,0.0011,NaN,NaN,NaN,NaN,NaN,alcohol
CCCCO,288.15,1.0026,0.0972,0.0005,NaN,NaN,NaN,NaN,NaN,alcohol
CCCCO,288.15,2.8258,0.274,0.0009,NaN,NaN,NaN,NaN,NaN,alcohol
CCCCO,288.15,1.3175,0.1278,0.0009,NaN,NaN,NaN,NaN,NaN,alcohol
CCCCO,288.15,3.2522,0.3154,0.0013,NaN,NaN,NaN,NaN,NaN,alcohol
CCCCO,288.15,1.5307,0.1484,0.0003,NaN,NaN,NaN,NaN,NaN,alcohol
CCCCO,288.15,3.7473,0.3634,0.0013,NaN,NaN,NaN,NaN,NaN,alcohol
CCCCO,298.15,0.1747,0.0142,0.0013,NaN,NaN,NaN,NaN,NaN,alcohol
CCCCO,298.15,2.4426,0.1984,0.0006,NaN,NaN,NaN,NaN,NaN,alcohol
CCCCO,298.15,0.3522,0.0286,0.0013,NaN,NaN,NaN,NaN,NaN,alcohol
CCCCO,298.15,2.8015,0.2276,0.0005,NaN,NaN,NaN,NaN,NaN,alcohol
CCCCO,298.15,0.6825,0.0554,0.0008,NaN,NaN,NaN,NaN,NaN,alcohol
CCCCO,298.15,3.1628,0.2569,0.0009,NaN,NaN,NaN,NaN,NaN,alcohol
CCCCO,298.15,0.8667,0.0704,0.0005,NaN,NaN,NaN,NaN,NaN,alcohol
CCCCO,298.15,3.4354,0.2791,0.0009,NaN,NaN,NaN,NaN,NaN,alcohol
CCCCO,298.15,1.2198,0.099,0.0009,NaN,NaN,NaN,NaN,NaN,alcohol
CCCCO,298.15,3.8127,0.3097,0.0012,NaN,NaN,NaN,NaN,NaN,alcohol
CCCCO,298.15,1.4866,0.1208,0.00011,NaN,NaN,NaN,NaN,NaN,alcohol
CCCCO,298.15,4.2529,0.3455,0.001,NaN,NaN,NaN,NaN,NaN,alcohol
CCCCO,298.15,1.6763,0.1362,0.0003,NaN,NaN,NaN,NaN,NaN,alcohol
CCCCO,298.15,4.7348,0.3846,0.0007,NaN,NaN,NaN,NaN,NaN,alcohol
CCCCO,298.15,1.953,0.1586,0.0003,NaN,NaN,NaN,NaN,NaN,alcohol
CCCCO,298.15,5.0667,0.4116,0.0013,NaN,NaN,NaN,NaN,NaN,alcohol
CCCCO,298.15,2.2375,0.1818,0.0012,NaN,NaN,NaN,NaN,NaN,alcohol
CCCCO,308.15,0.0667,0.0045,0.0003,NaN,NaN,NaN,NaN,NaN,alcohol
CCCCO,308.15,3.1953,0.2178,0.0002,NaN,NaN,NaN,NaN,NaN,alcohol
CCCCO,308.15,0.4738,0.0323,0.0003,NaN,NaN,NaN,NaN,NaN,alcohol
CCCCO,308.15,3.5767,0.2438,0.0002,NaN,NaN,NaN,NaN,NaN,alcohol
CCCCO,308.15,0.7425,0.0506,0.0002,NaN,NaN,NaN,NaN,NaN,alcohol
CCCCO,308.15,3.9486,0.2691,0.0014,NaN,NaN,NaN,NaN,NaN,alcohol
CCCCO,308.15,0.9827,0.067,0.0002,NaN,NaN,NaN,NaN,NaN,alcohol
CCCCO,308.15,4.2149,0.2873,0.0012,NaN,NaN,NaN,NaN,NaN,alcohol
CCCCO,308.15,1.3162,0.08971,0.0007,NaN,NaN,NaN,NaN,NaN,alcohol
CCCCO,308.15,4.5866,0.3126,0.0011,NaN,NaN,NaN,NaN,NaN,alcohol
CCCCO,308.15,1.7082,0.1164,0.0006,NaN,NaN,NaN,NaN,NaN,alcohol
CCCCO,308.15,4.9682,0.3386,0.0009,NaN,NaN,NaN,NaN,NaN,alcohol
CCCCO,308.15,2.1805,0.1486,0.0004,NaN,NaN,NaN,NaN,NaN,alcohol
CCCCO,308.15,5.3511,0.3647,0.0013,NaN,NaN,NaN,NaN,NaN,alcohol
CCCCO,308.15,2.5442,0.1734,0.0003,NaN,NaN,NaN,NaN,NaN,alcohol
CCCCO,308.15,5.6174,0.3829,0.0013,NaN,NaN,NaN,NaN,NaN,alcohol
CCCCO,308.15,2.8237,0.1925,0.0003,NaN,NaN,NaN,NaN,NaN,alcohol
CCCCO,318.15,0.1981,0.012,0.0002,NaN,NaN,NaN,NaN,NaN,alcohol
CCCCO,318.15,2.5289,0.153,0.0008,NaN,NaN,NaN,NaN,NaN,alcohol
CCCCO,318.15,0.3801,0.023,0.0002,NaN,NaN,NaN,NaN,NaN,alcohol
CCCCO,318.15,3.0141,0.1824,0.0007,NaN,NaN,NaN,NaN,NaN,alcohol
CCCCO,318.15,0.7326,0.0443,0.0002,NaN,NaN,NaN,NaN,NaN,alcohol
CCCCO,318.15,3.6741,0.2223,0.0006,NaN,NaN,NaN,NaN,NaN,alcohol
CCCCO,318.15,0.9224,0.0558,0.0001,NaN,NaN,NaN,NaN,NaN,alcohol
CCCCO,318.15,4.0071,0.2425,0.0005,NaN,NaN,NaN,NaN,NaN,alcohol
CCCCO,318.15,1.3141,0.0795,0.0004,NaN,NaN,NaN,NaN,NaN,alcohol
CCCCO,318.15,4.4031,0.2665,0.0008,NaN,NaN,NaN,NaN,NaN,alcohol
CCCCO,318.15,1.6988,0.1028,0.0004,NaN,NaN,NaN,NaN,NaN,alcohol
CCCCO,318.15,4.7356,0.2866,0.0006,NaN,NaN,NaN,NaN,NaN,alcohol
CCCCO,318.15,1.9523,0.1181,0.0003,NaN,NaN,NaN,NaN,NaN,alcohol
CCCCO,318.15,5.4543,0.33,0.0013,NaN,NaN,NaN,NaN,NaN,alcohol
CCCCO,318.15,2.1672,0.1311,0.0003,NaN,NaN,NaN,NaN,NaN,alcohol
CCCCO,318.15,5.9165,0.3581,0.001,NaN,NaN,NaN,NaN,NaN,alcohol
CCCCOC(=O)C1=CC=CC=C1C(=O)OCCCC,308.15,1.48,0.1802,0.9999,NaN,NaN,NaN,NaN,NaN,aromatic
CCCCOC(=O)C1=CC=CC=C1C(=O)OCCCC,308.15,2.842,0.3417,0.9999,NaN,NaN,NaN,NaN,NaN,aromatic
CCCCOC(=O)C1=CC=CC=C1C(=O)OCCCC,308.15,3.604,0.4341,0.9999,NaN,NaN,NaN,NaN,NaN,aromatic
CCCCOC(=O)C1=CC=CC=C1C(=O)OCCCC,308.15,4.238,0.4823,0.9999,NaN,NaN,NaN,NaN,NaN,aromatic
CCCCOC(=O)C1=CC=CC=C1C(=O)OCCCC,308.15,4.893,0.542,0.9999,NaN,NaN,NaN,NaN,NaN,aromatic
CCCCOC(=O)C1=CC=CC=C1C(=O)OCCCC,308.15,5.6,0.5977,0.9999,NaN,NaN,NaN,NaN,NaN,aromatic
CCCCOC(=O)C1=CC=CC=C1C(=O)OCCCC,308.15,7.1,0.7257,0.9999,NaN,NaN,NaN,NaN,NaN,aromatic
CCCCOC(=O)C1=CC=CC=C1C(=O)OCCCC,308.15,7.789,0.7438,0.9997,NaN,NaN,NaN,NaN,NaN,aromatic
CCCCOC(=O)C1=CC=CC=C1C(=O)OCCCC,318.15,1.584,0.1647,0.9999,NaN,NaN,NaN,NaN,NaN,aromatic
CCCCOC(=O)C1=CC=CC=C1C(=O)OCCCC,318.15,2.877,0.3067,0.9999,NaN,NaN,NaN,NaN,NaN,aromatic
CCCCOC(=O)C1=CC=CC=C1C(=O)OCCCC,318.15,4.273,0.4276,0.9999,NaN,NaN,NaN,NaN,NaN,aromatic
CCCCOC(=O)C1=CC=CC=C1C(=O)OCCCC,318.15,5.652,0.5329,0.9998,NaN,NaN,NaN,NaN,NaN,aromatic
CCCCOC(=O)C1=CC=CC=C1C(=O)OCCCC,318.15,6.996,0.626,0.9998,NaN,NaN,NaN,NaN,NaN,aromatic
CCCCOC(=O)C1=CC=CC=C1C(=O)OCCCC,318.15,7.72,0.6676,0.9998,NaN,NaN,NaN,NaN,NaN,aromatic
CCCCOC(=O)C1=CC=CC=C1C(=O)OCCCC,318.15,8.358,0.6946,0.9995,NaN,NaN,NaN,NaN,NaN,aromatic
CCCCOC(=O)C1=CC=CC=C1C(=O)OCCCC,318.15,9.358,0.7347,0.999,NaN,NaN,NaN,NaN,NaN,aromatic
CCCCOC(=O)C1=CC=CC=C1C(=O)OCCCC,328.15,1.549,0.1495,0.9999,NaN,NaN,NaN,NaN,NaN,aromatic
CCCCOC(=O)C1=CC=CC=C1C(=O)OCCCC,328.15,2.825,0.2635,0.9998,NaN,NaN,NaN,NaN,NaN,aromatic
CCCCOC(=O)C1=CC=CC=C1C(=O)OCCCC,328.15,4.204,0.3739,0.9998,NaN,NaN,NaN,NaN,NaN,aromatic
CCCCOC(=O)C1=CC=CC=C1C(=O)OCCCC,328.15,5.617,0.4734,0.9997,NaN,NaN,NaN,NaN,NaN,aromatic
CCCCOC(=O)C1=CC=CC=C1C(=O)OCCCC,328.15,6.979,0.5533,0.9995,NaN,NaN,NaN,NaN,NaN,aromatic
CCCCOC(=O)C1=CC=CC=C1C(=O)OCCCC,328.15,8.323,0.6212,0.9994,NaN,NaN,NaN,NaN,NaN,aromatic
CCCCOC(=O)C1=CC=CC=C1C(=O)OCCCC,328.15,9.72,0.6865,0.9985,NaN,NaN,NaN,NaN,NaN,aromatic
CCCCOC(=O)C1=CC=CC=C1C(=O)OCCCC,328.15,11.305,0.7428,0.9982,NaN,NaN,NaN,NaN,NaN,aromatic
CCCCOC(=O)C1=CC=CC=C1C(=O)OCCCC,328.15,12.546,0.7718,0.9972,NaN,NaN,NaN,NaN,NaN,aromatic
CCCCOCCCC,263.15,0.442,0.1592,0.9966,NaN,NaN,NaN,NaN,NaN,ether
CCCCOCCCC,263.15,0.771,0.2628,0.9968,NaN,NaN,NaN,NaN,NaN,ether
CCCCOCCCC,263.15,1.192,0.3742,0.9969,NaN,NaN,NaN,NaN,NaN,ether
CCCCOCCCC,263.15,1.652,0.4978,0.9972,NaN,NaN,NaN,NaN,NaN,ether
CCCCOCCCC,263.15,2.002,0.6042,0.9975,NaN,NaN,NaN,NaN,NaN,ether
CCCCOCCCC,263.15,2.322,0.7006,0.9977,NaN,NaN,NaN,NaN,NaN,ether
CCCCOCCCC,273.25,0.544,0.1539,0.996,NaN,NaN,NaN,NaN,NaN,ether
CCCCOCCCC,273.25,1.115,0.2858,0.9963,NaN,NaN,NaN,NaN,NaN,ether
CCCCOCCCC,273.25,1.527,0.3878,0.9964,NaN,NaN,NaN,NaN,NaN,ether
CCCCOCCCC,273.25,1.875,0.4669,0.9968,NaN,NaN,NaN,NaN,NaN,ether
CCCCOCCCC,273.25,2.453,0.6069,0.997,NaN,NaN,NaN,NaN,NaN,ether
CCCCOCCCC,273.25,2.815,0.6897,0.9972,NaN,NaN,NaN,NaN,NaN,ether
CCCCOCCCC,289.35,0.506,0.119,0.9955,NaN,NaN,NaN,NaN,NaN,ether
CCCCOCCCC,289.35,1.003,0.22,0.9957,NaN,NaN,NaN,NaN,NaN,ether
CCCCOCCCC,289.35,1.472,0.3188,0.9959,NaN,NaN,NaN,NaN,NaN,ether
CCCCOCCCC,289.35,2.002,0.4101,0.9961,NaN,NaN,NaN,NaN,NaN,ether
CCCCOCCCC,289.35,2.31,0.4705,0.9962,NaN,NaN,NaN,NaN,NaN,ether
CCCCOCCCC,289.35,2.685,0.5355,0.9964,NaN,NaN,NaN,NaN,NaN,ether
CCCCOCCCC,298.55,0.612,0.1235,0.9951,NaN,NaN,NaN,NaN,NaN,ether
CCCCOCCCC,298.55,0.988,0.1977,0.9953,NaN,NaN,NaN,NaN,NaN,ether
CCCCOCCCC,298.55,1.564,0.3172,0.9955,NaN,NaN,NaN,NaN,NaN,ether
CCCCOCCCC,298.55,2.005,0.3908,0.9957,NaN,NaN,NaN,NaN,NaN,ether
CCCCOCCCC,298.55,2.431,0.4415,0.9958,NaN,NaN,NaN,NaN,NaN,ether
CCCCOCCCC,298.55,2.818,0.4989,0.9959,NaN,NaN,NaN,NaN,NaN,ether
CCCCOCCCC,309.15,0.663,0.1166,0.9945,NaN,NaN,NaN,NaN,NaN,ether
CCCCOCCCC,309.15,1.318,0.2372,0.9947,NaN,NaN,NaN,NaN,NaN,ether
CCCCOCCCC,309.15,1.488,0.2673,0.9949,NaN,NaN,NaN,NaN,NaN,ether
CCCCOCCCC,309.15,1.934,0.3386,0.9951,NaN,NaN,NaN,NaN,NaN,ether
CCCCOCCCC,309.15,2.395,0.3988,0.9952,NaN,NaN,NaN,NaN,NaN,ether
CCCCOCCCC,309.15,2.81,0.4548,0.9955,NaN,NaN,NaN,NaN,NaN,ether
CCCCOCCCC,312.64,1.152,0.1208,0.997,NaN,NaN,NaN,NaN,NaN,ether
CCCCOCCCC,312.64,2.411,0.2974,0.9977,NaN,NaN,NaN,NaN,NaN,ether
CCCCOCCCC,312.64,4.107,0.5149,0.9976,NaN,NaN,NaN,NaN,NaN,ether
CCCCOCCCC,312.64,5.172,0.6449,0.9969,NaN,NaN,NaN,NaN,NaN,ether
CCCCOCCCC,312.64,5.837,0.7065,0.9962,NaN,NaN,NaN,NaN,NaN,ether
CCCCOCCCC,312.64,6.602,0.8073,0.9967,NaN,NaN,NaN,NaN,NaN,ether
CCCCOCCCC,312.64,7.263,0.893,0.9957,NaN,NaN,NaN,NaN,NaN,ether
CCCCOCCCC,338.13,2.389,0.2356,0.9935,NaN,NaN,NaN,NaN,NaN,ether
CCCCOCCCC,338.13,4.096,0.387,0.9951,NaN,NaN,NaN,NaN,NaN,ether
CCCCOCCCC,338.13,5.802,0.522,0.9946,NaN,NaN,NaN,NaN,NaN,ether
CCCCOCCCC,338.13,7.584,0.6461,0.9937,NaN,NaN,NaN,NaN,NaN,ether
CCCCOCCCC,338.13,8.604,0.7274,0.9927,NaN,NaN,NaN,NaN,NaN,ether
CCCCOCCCC,338.13,9.504,0.7943,0.9912,NaN,NaN,NaN,NaN,NaN,ether
CCCCOCCCC,338.13,10.569,0.8759,0.9828,NaN,NaN,NaN,NaN,NaN,ether
CCCCOCCCC,366.16,2.494,0.175,0.9859,NaN,NaN,NaN,NaN,NaN,ether
CCCCOCCCC,366.16,4.199,0.307,0.9873,NaN,NaN,NaN,NaN,NaN,ether
CCCCOCCCC,366.16,5.868,0.4109,0.9888,NaN,NaN,NaN,NaN,NaN,ether
CCCCOCCCC,366.16,7.97,0.5392,0.9867,NaN,NaN,NaN,NaN,NaN,ether
CCCCOCCCC,366.16,9.362,0.6303,0.9858,NaN,NaN,NaN,NaN,NaN,ether
CCCCOCCCC,366.16,11.351,0.7313,0.9789,NaN,NaN,NaN,NaN,NaN,ether
CCCCOCCCC,366.16,12.668,0.7985,0.971,NaN,NaN,NaN,NaN,NaN,ether
CCCCOCCCC,366.16,14.219,0.8682,0.9528,NaN,NaN,NaN,NaN,NaN,ether
CCCO,253.15,0.396,0.0622,0.999792,NaN,NaN,NaN,NaN,NaN,alcohol
CCCO,253.15,0.608,0.0976,0.999862,NaN,NaN,NaN,NaN,NaN,alcohol
CCCO,253.15,0.796,0.1257,0.999892,NaN,NaN,NaN,NaN,NaN,alcohol
CCCO,253.15,1.015,0.1695,0.999904,NaN,NaN,NaN,NaN,NaN,alcohol
CCCO,253.15,1.21,0.2215,0.99991,NaN,NaN,NaN,NaN,NaN,alcohol
CCCO,253.15,1.405,0.2669,0.999916,NaN,NaN,NaN,NaN,NaN,alcohol
CCCO,253.15,1.502,0.3029,0.999916,NaN,NaN,NaN,NaN,NaN,alcohol
CCCO,253.15,1.612,0.3347,0.999918,NaN,NaN,NaN,NaN,NaN,alcohol
CCCO,253.15,1.655,0.35,0.99992,NaN,NaN,NaN,NaN,NaN,alcohol
CCCO,253.15,1.703,0.3715,0.999923,NaN,NaN,NaN,NaN,NaN,alcohol
CCCO,253.15,1.82,0.4789,0.999937,NaN,NaN,NaN,NaN,NaN,alcohol
CCCO,288.15,0.2584,0.0244,0.0011,NaN,NaN,NaN,NaN,NaN,alcohol
CCCO,288.15,2.1697,0.2051,0.0011,NaN,NaN,NaN,NaN,NaN,alcohol
CCCO,288.15,0.5229,0.0494,0.001,NaN,NaN,NaN,NaN,NaN,alcohol
CCCO,288.15,2.4151,0.2283,0.0007,NaN,NaN,NaN,NaN,NaN,alcohol
CCCO,288.15,0.7333,0.0693,0.001,NaN,NaN,NaN,NaN,NaN,alcohol
CCCO,288.15,2.6334,0.2489,0.0007,NaN,NaN,NaN,NaN,NaN,alcohol
CCCO,288.15,0.9647,0.0912,0.0009,NaN,NaN,NaN,NaN,NaN,alcohol
CCCO,288.15,2.9399,0.2779,0.0007,NaN,NaN,NaN,NaN,NaN,alcohol
CCCO,288.15,1.4285,0.135,0.0008,NaN,NaN,NaN,NaN,NaN,alcohol
CCCO,288.15,3.2197,0.3043,0.0013,NaN,NaN,NaN,NaN,NaN,alcohol
CCCO,288.15,1.8121,0.1713,0.0012,NaN,NaN,NaN,NaN,NaN,alcohol
CCCO,288.15,3.6722,0.3471,0.0011,NaN,NaN,NaN,NaN,NaN,alcohol
CCCO,298.15,0.1313,0.0102,0.0012,NaN,NaN,NaN,NaN,NaN,alcohol
CCCO,298.15,2.4713,0.1924,0.0009,NaN,NaN,NaN,NaN,NaN,alcohol
CCCO,298.15,0.2557,0.0199,0.0011,NaN,NaN,NaN,NaN,NaN,alcohol
CCCO,298.15,2.6519,0.2064,0.0012,NaN,NaN,NaN,NaN,NaN,alcohol
CCCO,298.15,0.4711,0.0367,0.0011,NaN,NaN,NaN,NaN,NaN,alcohol
CCCO,298.15,2.9577,0.2302,0.001,NaN,NaN,NaN,NaN,NaN,alcohol
CCCO,298.15,0.6415,0.0499,0.0012,NaN,NaN,NaN,NaN,NaN,alcohol
CCCO,298.15,3.3318,0.2594,0.0009,NaN,NaN,NaN,NaN,NaN,alcohol
CCCO,298.15,0.8289,0.0645,0.0012,NaN,NaN,NaN,NaN,NaN,alcohol
CCCO,298.15,3.5792,0.2786,0.0009,NaN,NaN,NaN,NaN,NaN,alcohol
CCCO,298.15,1.0933,0.0851,0.0011,NaN,NaN,NaN,NaN,NaN,alcohol
CCCO,298.15,3.7944,0.2954,0.0013,NaN,NaN,NaN,NaN,NaN,alcohol
CCCO,298.15,1.3964,0.1087,0.0007,NaN,NaN,NaN,NaN,NaN,alcohol
CCCO,298.15,4.1137,0.3202,0.0012,NaN,NaN,NaN,NaN,NaN,alcohol
CCCO,298.15,1.7182,0.1337,0.0009,NaN,NaN,NaN,NaN,NaN,alcohol
CCCO,298.15,4.4962,0.35,0.0011,NaN,NaN,NaN,NaN,NaN,alcohol
CCCO,298.15,2.059,0.1603,0.001,NaN,NaN,NaN,NaN,NaN,alcohol
CCCO,298.15,4.809,0.3743,0.0013,NaN,NaN,NaN,NaN,NaN,alcohol
CCCO,308.15,0.1592,0.0106,0.0011,NaN,NaN,NaN,NaN,NaN,alcohol
CCCO,308.15,2.5339,0.1682,0.0009,NaN,NaN,NaN,NaN,NaN,alcohol
CCCO,308.15,0.3415,0.0227,0.001,NaN,NaN,NaN,NaN,NaN,alcohol
CCCO,308.15,2.8957,0.1922,0.0009,NaN,NaN,NaN,NaN,NaN,alcohol
CCCO,308.15,0.6791,0.0451,0.001,NaN,NaN,NaN,NaN,NaN,alcohol
CCCO,308.15,3.1746,0.2107,0.0013,NaN,NaN,NaN,NaN,NaN,alcohol
CCCO,308.15,1.0201,0.0677,0.0009,NaN,NaN,NaN,NaN,NaN,alcohol
CCCO,308.15,3.5827,0.2378,0.001,NaN,NaN,NaN,NaN,NaN,alcohol
CCCO,308.15,1.3628,0.0904,0.0008,NaN,NaN,NaN,NaN,NaN,alcohol
CCCO,308.15,4.0973,0.2719,0.0012,NaN,NaN,NaN,NaN,NaN,alcohol
CCCO,308.15,1.5713,0.1043,0.0012,NaN,NaN,NaN,NaN,NaN,alcohol
CCCO,308.15,4.4214,0.2934,0.0006,NaN,NaN,NaN,NaN,NaN,alcohol
CCCO,308.15,1.8661,0.1238,0.0011,NaN,NaN,NaN,NaN,NaN,alcohol
CCCO,308.15,4.8911,0.3246,0.0013,NaN,NaN,NaN,NaN,NaN,alcohol
CCCO,308.15,2.0422,0.1355,0.0006,NaN,NaN,NaN,NaN,NaN,alcohol
CCCO,308.15,5.0373,0.3343,0.0014,NaN,NaN,NaN,NaN,NaN,alcohol
CCCO,308.15,2.2175,0.1472,0.0005,NaN,NaN,NaN,NaN,NaN,alcohol
CCCO,318.15,0.2544,0.0143,0.0013,NaN,NaN,NaN,NaN,NaN,alcohol
CCCO,318.15,2.9976,0.1685,0.0008,NaN,NaN,NaN,NaN,NaN,alcohol
CCCO,318.15,0.4539,0.0255,0.001,NaN,NaN,NaN,NaN,NaN,alcohol
CCCO,318.15,3.3333,0.1873,0.0005,NaN,NaN,NaN,NaN,NaN,alcohol
CCCO,318.15,0.8851,0.0497,0.0012,NaN,NaN,NaN,NaN,NaN,alcohol
CCCO,318.15,3.5084,0.1972,0.0009,NaN,NaN,NaN,NaN,NaN,alcohol
CCCO,318.15,1.2448,0.07,0.0006,NaN,NaN,NaN,NaN,NaN,alcohol
CCCO,318.15,3.8851,0.2184,0.0013,NaN,NaN,NaN,NaN,NaN,alcohol
CCCO,318.15,1.5831,0.089,0.0013,NaN,NaN,NaN,NaN,NaN,alcohol
CCCO,318.15,4.1477,0.2331,0.001,NaN,NaN,NaN,NaN,NaN,alcohol
CCCO,318.15,1.7878,0.1005,0.0014,NaN,NaN,NaN,NaN,NaN,alcohol
CCCO,318.15,4.5469,0.2555,0.0012,NaN,NaN,NaN,NaN,NaN,alcohol
CCCO,318.15,2.0433,0.1148,0.0011,NaN,NaN,NaN,NaN,NaN,alcohol
CCCO,318.15,5.0073,0.2814,0.0006,NaN,NaN,NaN,NaN,NaN,alcohol
CCCO,318.15,2.3651,0.1329,0.001,NaN,NaN,NaN,NaN,NaN,alcohol
CCCO,318.15,5.3873,0.3028,0.0013,NaN,NaN,NaN,NaN,NaN,alcohol
CCCO,318.15,2.6457,0.1487,0.0009,NaN,NaN,NaN,NaN,NaN,alcohol
CCCO,318.15,5.7216,0.3216,0.0014,NaN,NaN,NaN,NaN,NaN,alcohol
CCCOC(=O)C,243.15,0.305,0.2633,0.99858,14.53,-36.34,NaN,NaN,NaN,ester
CCCOC(=O)C,243.15,0.502,0.3941,0.99897,14.53,-36.34,NaN,NaN,NaN,ester
CCCOC(=O)C,243.15,0.603,0.4818,0.99955,14.53,-36.34,NaN,NaN,NaN,ester
CCCOC(=O)C,243.15,0.703,0.5599,0.99985,14.53,-36.34,NaN,NaN,NaN,ester
CCCOC(=O)C,243.15,0.8,0.6061,0.99991,14.53,-36.34,NaN,NaN,NaN,ester
CCCOC(=O)C,243.15,1.001,0.7483,0.99997,14.53,-36.34,NaN,NaN,NaN,ester
CCCOC(=O)C,253.15,0.404,0.2588,0.99943,14.53,-36.34,NaN,NaN,NaN,ester
CCCOC(=O)C,253.15,0.606,0.3624,0.99959,14.53,-36.34,NaN,NaN,NaN,ester
CCCOC(=O)C,253.15,0.807,0.4728,0.99966,14.53,-36.34,NaN,NaN,NaN,ester
CCCOC(=O)C,253.15,1.001,0.5643,0.99973,14.53,-36.34,5.6,1.09,NaN,ester
CCCOC(=O)C,253.15,1.305,0.7085,0.99978,14.53,-36.34,NaN,NaN,NaN,ester
CCCOC(=O)C,253.15,1.604,0.8516,0.99989,14.53,-36.34,NaN,NaN,NaN,ester
CCCOC(=O)C,263.15,0.503,0.2394,0.9989,14.53,-36.34,NaN,NaN,NaN,ester
CCCOC(=O)C,263.15,0.799,0.3583,0.9993,14.53,-36.34,NaN,NaN,NaN,ester
CCCOC(=O)C,263.15,1.101,0.4737,0.99952,14.53,-36.34,NaN,NaN,NaN,ester
CCCOC(=O)C,263.15,1.393,0.5846,0.99964,14.53,-36.34,NaN,NaN,NaN,ester
CCCOC(=O)C,263.15,1.702,0.6957,0.99973,14.53,-36.34,NaN,NaN,NaN,ester
CCCOC(=O)C,263.15,1.997,0.8026,0.99982,14.53,-36.34,NaN,NaN,NaN,ester
CCCOC(=O)C,263.15,2.306,0.9041,0.9999,14.53,-36.34,NaN,NaN,NaN,ester
CCO,253.15,0.402,0.0869,0.999321,NaN,NaN,NaN,NaN,NaN,alcohol
CCO,253.15,0.802,0.154,0.999747,NaN,NaN,NaN,NaN,NaN,alcohol
CCO,253.15,0.996,0.1986,0.999829,NaN,NaN,NaN,NaN,NaN,alcohol
CCO,253.15,1.303,0.2795,0.9999,NaN,NaN,NaN,NaN,NaN,alcohol
CCO,253.15,1.49,0.3385,0.999945,NaN,NaN,NaN,NaN,NaN,alcohol
CCO,253.15,1.648,0.4166,0.999964,NaN,NaN,NaN,NaN,NaN,alcohol
CCO,253.15,1.748,0.4961,0.999977,NaN,NaN,NaN,NaN,NaN,alcohol
CCO,253.15,1.812,0.5759,0.999982,NaN,NaN,NaN,NaN,NaN,alcohol
CCO,253.15,1.847,0.6572,0.999985,NaN,NaN,NaN,NaN,NaN,alcohol
CCO,253.15,1.877,0.8283,0.999989,NaN,NaN,NaN,NaN,NaN,alcohol
CCO,288.15,0.058,0.0055,NaN,NaN,NaN,NaN,NaN,NaN,alcohol
CCO,288.15,1.6438,0.1545,NaN,NaN,NaN,NaN,NaN,NaN,alcohol
CCO,288.15,0.167,0.0157,NaN,NaN,NaN,NaN,NaN,NaN,alcohol
CCO,288.15,1.8052,0.1697,NaN,NaN,NaN,NaN,NaN,NaN,alcohol
CCO,288.15,0.413,0.0388,NaN,NaN,NaN,NaN,NaN,NaN,alcohol
CCO,288.15,2.1197,0.1992,NaN,NaN,NaN,NaN,NaN,NaN,alcohol
CCO,288.15,0.6562,0.0617,NaN,NaN,NaN,NaN,NaN,NaN,alcohol
CCO,288.15,2.4627,0.2315,NaN,NaN,NaN,NaN,NaN,NaN,alcohol
CCO,288.15,0.8461,0.0795,NaN,NaN,NaN,NaN,NaN,NaN,alcohol
CCO,288.15,2.778,0.2611,NaN,NaN,NaN,NaN,NaN,NaN,alcohol
CCO,288.15,1.1417,0.1073,NaN,NaN,NaN,NaN,NaN,NaN,alcohol
CCO,288.15,3.0635,0.2879,NaN,NaN,NaN,NaN,NaN,NaN,alcohol
CCO,288.15,1.4235,0.1338,NaN,NaN,NaN,NaN,NaN,NaN,alcohol
CCO,288.15,3.372,0.3169,NaN,NaN,NaN,NaN,NaN,NaN,alcohol
CCO,298.15,0.2732,0.0205,NaN,NaN,NaN,NaN,NaN,NaN,alcohol
CCO,298.15,2.3846,0.1793,NaN,NaN,NaN,NaN,NaN,NaN,alcohol
CCO,298.15,0.4635,0.0349,NaN,NaN,NaN,NaN,NaN,NaN,alcohol
CCO,298.15,2.5662,0.193,NaN,NaN,NaN,NaN,NaN,NaN,alcohol
CCO,298.15,0.7787,0.0586,NaN,NaN,NaN,NaN,NaN,NaN,alcohol
CCO,298.15,2.732,0.2055,NaN,NaN,NaN,NaN,NaN,NaN,alcohol
CCO,298.15,0.9462,0.0712,NaN,NaN,NaN,NaN,NaN,NaN,alcohol
CCO,298.15,2.9678,0.2232,NaN,NaN,NaN,NaN,NaN,NaN,alcohol
CCO,298.15,1.2119,0.0911,NaN,NaN,NaN,NaN,NaN,NaN,alcohol
CCO,298.15,3.2584,0.2451,NaN,NaN,NaN,NaN,NaN,NaN,alcohol
CCO,298.15,1.4052,0.1057,NaN,NaN,NaN,NaN,NaN,NaN,alcohol
CCO,298.15,3.4043,0.256,NaN,NaN,NaN,NaN,NaN,NaN,alcohol
CCO,298.15,1.6846,0.1267,NaN,NaN,NaN,NaN,NaN,NaN,alcohol
CCO,298.15,3.7219,0.2799,NaN,NaN,NaN,NaN,NaN,NaN,alcohol
CCO,298.15,1.8235,0.1371,NaN,NaN,NaN,NaN,NaN,NaN,alcohol
CCO,298.15,4.1336,0.3109,NaN,NaN,NaN,NaN,NaN,NaN,alcohol
CCO,298.15,2.1479,0.1615,NaN,NaN,NaN,NaN,NaN,NaN,alcohol
CCO,298.15,4.3579,0.3278,NaN,NaN,NaN,NaN,NaN,NaN,alcohol
CCO,308.15,0.272,0.0172,NaN,NaN,NaN,NaN,NaN,NaN,alcohol
CCO,308.15,2.5619,0.1623,NaN,NaN,NaN,NaN,NaN,NaN,alcohol
CCO,308.15,0.463,0.0293,NaN,NaN,NaN,NaN,NaN,NaN,alcohol
CCO,308.15,2.8865,0.1829,NaN,NaN,NaN,NaN,NaN,NaN,alcohol
CCO,308.15,0.778,0.0493,NaN,NaN,NaN,NaN,NaN,NaN,alcohol
CCO,308.15,3.3142,0.21,NaN,NaN,NaN,NaN,NaN,NaN,alcohol
CCO,308.15,1.0027,0.0635,NaN,NaN,NaN,NaN,NaN,NaN,alcohol
CCO,308.15,3.595,0.2278,NaN,NaN,NaN,NaN,NaN,NaN,alcohol
CCO,308.15,1.2976,0.0822,NaN,NaN,NaN,NaN,NaN,NaN,alcohol
CCO,308.15,3.8316,0.2428,NaN,NaN,NaN,NaN,NaN,NaN,alcohol
CCO,308.15,1.5052,0.0954,NaN,NaN,NaN,NaN,NaN,NaN,alcohol
CCO,308.15,4.1124,0.2606,NaN,NaN,NaN,NaN,NaN,NaN,alcohol
CCO,308.15,1.8431,0.1168,NaN,NaN,NaN,NaN,NaN,NaN,alcohol
CCO,308.15,4.4397,0.2813,NaN,NaN,NaN,NaN,NaN,NaN,alcohol
CCO,308.15,2.0235,0.1282,NaN,NaN,NaN,NaN,NaN,NaN,alcohol
CCO,308.15,4.7962,0.3039,NaN,NaN,NaN,NaN,NaN,NaN,alcohol
CCO,308.15,2.3414,0.1484,NaN,NaN,NaN,NaN,NaN,NaN,alcohol
CCO,308.15,5.0811,0.322,NaN,NaN,NaN,NaN,NaN,NaN,alcohol
CCO,318.15,0.2392,0.013,NaN,NaN,NaN,NaN,NaN,NaN,alcohol
CCO,318.15,2.9986,0.1625,NaN,NaN,NaN,NaN,NaN,NaN,alcohol
CCO,318.15,0.4365,0.0237,NaN,NaN,NaN,NaN,NaN,NaN,alcohol
CCO,318.15,3.2274,0.1749,NaN,NaN,NaN,NaN,NaN,NaN,alcohol
CCO,318.15,0.7944,0.043,NaN,NaN,NaN,NaN,NaN,NaN,alcohol
CCO,318.15,3.4343,0.1861,NaN,NaN,NaN,NaN,NaN,NaN,alcohol
CCO,318.15,1.0981,0.0595,NaN,NaN,NaN,NaN,NaN,NaN,alcohol
CCO,318.15,3.7329,0.2023,NaN,NaN,NaN,NaN,NaN,NaN,alcohol
CCO,318.15,1.4273,0.0773,NaN,NaN,NaN,NaN,NaN,NaN,alcohol
CCO,318.15,4.2536,0.2305,NaN,NaN,NaN,NaN,NaN,NaN,alcohol
CCO,318.15,1.757,0.0952,NaN,NaN,NaN,NaN,NaN,NaN,alcohol
CCO,318.15,4.5378,0.2459,NaN,NaN,NaN,NaN,NaN,NaN,alcohol
CCO,318.15,1.9656,0.1065,NaN,NaN,NaN,NaN,NaN,NaN,alcohol
CCO,318.15,4.7992,0.26,NaN,NaN,NaN,NaN,NaN,NaN,alcohol
CCO,318.15,2.1961,0.119,NaN,NaN,NaN,NaN,NaN,NaN,alcohol
CCO,318.15,5.0011,0.271,NaN,NaN,NaN,NaN,NaN,NaN,alcohol
CCO,318.15,2.4453,0.1325,NaN,NaN,NaN,NaN,NaN,NaN,alcohol
CCO,318.15,5.4649,0.2961,NaN,NaN,NaN,NaN,NaN,NaN,alcohol
CCO,318.15,2.7528,0.1492,NaN,NaN,NaN,NaN,NaN,NaN,alcohol
CCO,318.15,5.7168,0.3098,NaN,NaN,NaN,NaN,NaN,NaN,alcohol
CCOC(=O)C,243.15,0.301,0.2845,0.99607,18.36,-48.54,NaN,NaN,NaN,ester
CCOC(=O)C,243.15,0.511,0.4521,0.99903,18.36,-48.54,NaN,NaN,NaN,ester
CCOC(=O)C,243.15,0.603,0.5207,0.99926,18.36,-48.54,NaN,NaN,NaN,ester
CCOC(=O)C,243.15,0.701,0.5844,0.99943,18.36,-48.54,NaN,NaN,NaN,ester
CCOC(=O)C,243.15,0.8,0.6555,0.99961,18.36,-48.54,NaN,NaN,NaN,ester
CCOC(=O)C,243.15,0.999,0.7789,0.99979,18.36,-48.54,NaN,NaN,NaN,ester
CCOC(=O)C,253.15,0.401,0.2811,0.99745,18.36,-48.54,NaN,NaN,NaN,ester
CCOC(=O)C,253.15,0.599,0.4023,0.99842,18.36,-48.54,NaN,NaN,NaN,ester
CCOC(=O)C,253.15,0.8,0.5116,0.99911,18.36,-48.54,NaN,NaN,NaN,ester
CCOC(=O)C,253.15,1.001,0.6125,0.9994,18.36,-48.54,5.5,1.08,NaN,ester
CCOC(=O)C,253.15,1.302,0.7476,0.99967,18.36,-48.54,NaN,NaN,NaN,ester
CCOC(=O)C,253.15,1.601,0.8683,0.99984,18.36,-48.54,NaN,NaN,NaN,ester
CCOC(=O)C,263.15,0.501,0.2763,0.99571,18.36,-48.54,NaN,NaN,NaN,ester
CCOC(=O)C,263.15,0.802,0.4154,0.99763,18.36,-48.54,NaN,NaN,NaN,ester
CCOC(=O)C,263.15,1.101,0.5321,0.99814,18.36,-48.54,NaN,NaN,NaN,ester
CCOC(=O)C,263.15,1.399,0.6344,0.99907,18.36,-48.54,NaN,NaN,NaN,ester
CCOC(=O)C,263.15,1.702,0.7387,0.99938,18.36,-48.54,NaN,NaN,NaN,ester
CCOC(=O)C,263.15,1.996,0.8291,0.99957,18.36,-48.54,NaN,NaN,NaN,ester
CCOC(=O)C,263.15,2.293,0.9132,0.9998,18.36,-48.54,NaN,NaN,NaN,ester
CCOC(=O)C(=O)OCC,308.15,1.48,0.2222,0.9998,NaN,NaN,NaN,NaN,NaN,ester
CCOC(=O)C(=O)OCC,308.15,2.858,0.4109,0.9998,NaN,NaN,NaN,NaN,NaN,ester
CCOC(=O)C(=O)OCC,308.15,3.548,0.4971,0.9998,NaN,NaN,NaN,NaN,NaN,ester
CCOC(=O)C(=O)OCC,308.15,4.237,0.5887,0.9998,NaN,NaN,NaN,NaN,NaN,ester
CCOC(=O)C(=O)OCC,308.15,4.793,0.6495,0.9997,NaN,NaN,NaN,NaN,NaN,ester
CCOC(=O)C(=O)OCC,308.15,5.581,0.7346,0.9996,NaN,NaN,NaN,NaN,NaN,ester
CCOC(=O)C(=O)OCC,308.15,6.34,0.8355,0.9995,NaN,NaN,NaN,NaN,NaN,ester
CCOC(=O)C(=O)OCC,308.15,7.029,0.8751,0.9985,NaN,NaN,NaN,NaN,NaN,ester
CCOC(=O)C(=O)OCC,318.15,1.494,0.1966,0.9997,NaN,NaN,NaN,NaN,NaN,ester
CCOC(=O)C(=O)OCC,318.15,2.859,0.3522,0.9997,NaN,NaN,NaN,NaN,NaN,ester
CCOC(=O)C(=O)OCC,318.15,3.617,0.4433,0.9997,NaN,NaN,NaN,NaN,NaN,ester
CCOC(=O)C(=O)OCC,318.15,4.237,0.5043,0.9997,NaN,NaN,NaN,NaN,NaN,ester
CCOC(=O)C(=O)OCC,318.15,4.926,0.5657,0.9995,NaN,NaN,NaN,NaN,NaN,ester
CCOC(=O)C(=O)OCC,318.15,5.685,0.6382,0.9994,NaN,NaN,NaN,NaN,NaN,ester
CCOC(=O)C(=O)OCC,318.15,6.257,0.6743,0.9993,NaN,NaN,NaN,NaN,NaN,ester
CCOC(=O)C(=O)OCC,318.15,6.953,0.7522,0.9989,NaN,NaN,NaN,NaN,NaN,ester
CCOC(=O)C(=O)OCC,318.15,7.753,0.8189,0.9982,NaN,NaN,NaN,NaN,NaN,ester
CCOC(=O)C(=O)OCC,318.15,8.407,0.8762,0.998,NaN,NaN,NaN,NaN,NaN,ester
CCOC(=O)C(=O)OCC,328.15,1.549,0.1828,0.9996,NaN,NaN,NaN,NaN,NaN,ester
CCOC(=O)C(=O)OCC,328.15,2.859,0.3092,0.9996,NaN,NaN,NaN,NaN,NaN,ester
CCOC(=O)C(=O)OCC,328.15,3.582,0.3754,0.9994,NaN,NaN,NaN,NaN,NaN,ester
CCOC(=O)C(=O)OCC,328.15,4.306,0.4469,0.9994,NaN,NaN,NaN,NaN,NaN,ester
CCOC(=O)C(=O)OCC,328.15,4.995,0.5156,0.9994,NaN,NaN,NaN,NaN,NaN,ester
CCOC(=O)C(=O)OCC,328.15,5.616,0.5564,0.9991,NaN,NaN,NaN,NaN,NaN,ester
CCOC(=O)C(=O)OCC,328.15,7.029,0.678,0.9989,NaN,NaN,NaN,NaN,NaN,ester
CCOC(=O)C(=O)OCC,328.15,8.028,0.7363,0.9982,NaN,NaN,NaN,NaN,NaN,ester
CCOC(=O)C(=O)OCC,328.15,8.704,0.7779,0.9973,NaN,NaN,NaN,NaN,NaN,ester
CCOC(=O)C(=O)OCC,328.15,9.359,0.8208,0.9957,NaN,NaN,NaN,NaN,NaN,ester
CCOC(=O)C(=O)OCC,328.15,10.096,0.8792,0.9934,NaN,NaN,NaN,NaN,NaN,ester
CCOC(=O)C1=CC=CC=C1C(=O)OCC,308.15,1.618,0.1674,0.9999,NaN,NaN,NaN,NaN,NaN,aromatic
CCOC(=O)C1=CC=CC=C1C(=O)OCC,308.15,2.859,0.2877,0.9999,NaN,NaN,NaN,NaN,NaN,aromatic
CCOC(=O)C1=CC=CC=C1C(=O)OCC,308.15,3.532,0.3481,0.9999,NaN,NaN,NaN,NaN,NaN,aromatic
CCOC(=O)C1=CC=CC=C1C(=O)OCC,308.15,4.307,0.4212,0.9999,NaN,NaN,NaN,NaN,NaN,aromatic
CCOC(=O)C1=CC=CC=C1C(=O)OCC,308.15,4.91,0.471,0.9999,NaN,NaN,NaN,NaN,NaN,aromatic
CCOC(=O)C1=CC=CC=C1C(=O)OCC,308.15,5.669,0.5341,0.9999,NaN,NaN,NaN,NaN,NaN,aromatic
CCOC(=O)C1=CC=CC=C1C(=O)OCC,308.15,6.307,0.5647,0.9999,NaN,NaN,NaN,NaN,NaN,aromatic
CCOC(=O)C1=CC=CC=C1C(=O)OCC,308.15,6.996,0.6406,0.9999,NaN,NaN,NaN,NaN,NaN,aromatic
CCOC(=O)C1=CC=CC=C1C(=O)OCC,308.15,7.806,0.7077,0.9996,NaN,NaN,NaN,NaN,NaN,aromatic
CCOC(=O)C1=CC=CC=C1C(=O)OCC,318.15,1.567,0.1409,0.9999,NaN,NaN,NaN,NaN,NaN,aromatic
CCOC(=O)C1=CC=CC=C1C(=O)OCC,318.15,2.894,0.2501,0.9999,NaN,NaN,NaN,NaN,NaN,aromatic
CCOC(=O)C1=CC=CC=C1C(=O)OCC,318.15,4.307,0.3659,0.9999,NaN,NaN,NaN,NaN,NaN,aromatic
CCOC(=O)C1=CC=CC=C1C(=O)OCC,318.15,4.928,0.4077,0.9999,NaN,NaN,NaN,NaN,NaN,aromatic
CCOC(=O)C1=CC=CC=C1C(=O)OCC,318.15,5.652,0.4659,0.9999,NaN,NaN,NaN,NaN,NaN,aromatic
CCOC(=O)C1=CC=CC=C1C(=O)OCC,318.15,6.427,0.5161,0.9999,NaN,NaN,NaN,NaN,NaN,aromatic
CCOC(=O)C1=CC=CC=C1C(=O)OCC,318.15,7.134,0.5629,0.9999,NaN,NaN,NaN,NaN,NaN,aromatic
CCOC(=O)C1=CC=CC=C1C(=O)OCC,318.15,8.582,0.64,0.9999,NaN,NaN,NaN,NaN,NaN,aromatic
CCOC(=O)C1=CC=CC=C1C(=O)OCC,318.15,9.599,0.6766,0.999,NaN,NaN,NaN,NaN,NaN,aromatic
CCOC(=O)C1=CC=CC=C1C(=O)OCC,318.15,11.529,0.7338,0.9926,NaN,NaN,NaN,NaN,NaN,aromatic
CCOC(=O)C1=CC=CC=C1C(=O)OCC,328.15,1.6,0.1332,0.9999,NaN,NaN,NaN,NaN,NaN,aromatic
CCOC(=O)C1=CC=CC=C1C(=O)OCC,328.15,2.859,0.2259,0.9999,NaN,NaN,NaN,NaN,NaN,aromatic
CCOC(=O)C1=CC=CC=C1C(=O)OCC,328.15,4.238,0.3181,0.9999,NaN,NaN,NaN,NaN,NaN,aromatic
CCOC(=O)C1=CC=CC=C1C(=O)OCC,328.15,5.617,0.4097,0.9999,NaN,NaN,NaN,NaN,NaN,aromatic
CCOC(=O)C1=CC=CC=C1C(=O)OCC,328.15,7.031,0.4973,0.9995,NaN,NaN,NaN,NaN,NaN,aromatic
CCOC(=O)C1=CC=CC=C1C(=O)OCC,328.15,8.272,0.5611,0.9994,NaN,NaN,NaN,NaN,NaN,aromatic
CCOC(=O)C1=CC=CC=C1C(=O)OCC,328.15,10.099,0.6375,0.9993,NaN,NaN,NaN,NaN,NaN,aromatic
CCOC(=O)C1=CC=CC=C1C(=O)OCC,328.15,11.098,0.6722,0.999,NaN,NaN,NaN,NaN,NaN,aromatic
CCOC(=O)C1=CC=CC=C1C(=O)OCC,328.15,12.564,0.7134,0.9978,NaN,NaN,NaN,NaN,NaN,aromatic
CCOC(=O)CC,243.15,0.305,0.2813,0.99869,14.05,-36.29,NaN,NaN,NaN,ester
CCOC(=O)CC,243.15,0.504,0.4177,0.99846,14.05,-36.29,NaN,NaN,NaN,ester
CCOC(=O)CC,243.15,0.603,0.4914,0.99893,14.05,-36.29,NaN,NaN,NaN,ester
CCOC(=O)CC,243.15,0.701,0.5728,0.99916,14.05,-36.29,NaN,NaN,NaN,ester
CCOC(=O)CC,243.15,0.798,0.6236,0.99955,14.05,-36.29,NaN,NaN,NaN,ester
CCOC(=O)CC,243.15,1.008,0.7688,0.99984,14.05,-36.29,NaN,NaN,NaN,ester
CCOC(=O)CC,253.15,0.397,0.2719,0.99875,14.05,-36.29,NaN,NaN,NaN,ester
CCOC(=O)CC,253.15,0.601,0.3847,0.99952,14.05,-36.29,NaN,NaN,NaN,ester
CCOC(=O)CC,253.15,0.8,0.4889,0.99966,14.05,-36.29,NaN,NaN,NaN,ester
CCOC(=O)CC,253.15,1.002,0.5893,0.99976,14.05,-36.29,NaN,NaN,NaN,ester
CCOC(=O)CC,253.15,1.307,0.7556,0.99987,14.05,-36.29,NaN,NaN,NaN,ester
CCOC(=O)CC,253.15,1.601,0.8793,0.9999,14.05,-36.29,NaN,NaN,NaN,ester
CCOC(=O)CC,263.15,0.502,0.2471,0.99796,14.05,-36.29,NaN,NaN,NaN,ester
CCOC(=O)CC,263.15,0.803,0.3854,0.99921,14.05,-36.29,NaN,NaN,NaN,ester
CCOC(=O)CC,263.15,1.107,0.5113,0.99947,14.05,-36.29,NaN,NaN,NaN,ester
CCOC(=O)CC,263.15,1.403,0.6218,0.99963,14.05,-36.29,NaN,NaN,NaN,ester
CCOC(=O)CC,263.15,1.701,0.7294,0.99974,14.05,-36.29,NaN,NaN,NaN,ester
CCOC(=O)CC,263.15,2.005,0.8231,0.99983,14.05,-36.29,NaN,NaN,NaN,ester
CCOC(=O)CC,263.15,2.301,0.9052,0.99991,14.05,-36.29,NaN,NaN,NaN,ester
CCOC(=O)CCC,243.15,0.298,0.2539,0.99984,12.91,-36.64,NaN,NaN,NaN,ester
CCOC(=O)CCC,243.15,0.501,0.4073,0.99991,12.91,-36.64,NaN,NaN,NaN,ester
CCOC(=O)CCC,243.15,0.603,0.4831,0.99993,12.91,-36.64,NaN,NaN,NaN,ester
CCOC(=O)CCC,243.15,0.701,0.5572,0.99994,12.91,-36.64,NaN,NaN,NaN,ester
CCOC(=O)CCC,243.15,0.805,0.6258,0.99995,12.91,-36.64,NaN,NaN,NaN,ester
CCOC(=O)CCC,243.15,1.003,0.7484,0.99998,12.91,-36.64,NaN,NaN,NaN,ester
CCOC(=O)CCC,253.15,0.403,0.2629,0.99946,12.91,-36.64,NaN,NaN,NaN,ester
CCOC(=O)CCC,253.15,0.599,0.3607,0.99962,12.91,-36.64,NaN,NaN,NaN,ester
CCOC(=O)CCC,253.15,0.801,0.4679,0.99973,12.91,-36.64,NaN,NaN,NaN,ester
CCOC(=O)CCC,253.15,0.998,0.5622,0.99979,12.91,-36.64,5.8,0.92,NaN,ester
CCOC(=O)CCC,253.15,1.303,0.7181,0.99989,12.91,-36.64,NaN,NaN,NaN,ester
CCOC(=O)CCC,253.15,1.601,0.8701,0.99997,12.91,-36.64,NaN,NaN,NaN,ester
CCOC(=O)CCC,263.15,0.502,0.2426,0.99951,12.91,-36.64,NaN,NaN,NaN,ester
CCOC(=O)CCC,263.15,0.798,0.3732,0.99971,12.91,-36.64,NaN,NaN,NaN,ester
CCOC(=O)CCC,263.15,1.104,0.4978,0.9998,12.91,-36.64,NaN,NaN,NaN,ester
CCOC(=O)CCC,263.15,1.398,0.6102,0.99985,12.91,-36.64,NaN,NaN,NaN,ester
CCOC(=O)CCC,263.15,1.707,0.7211,0.99989,12.91,-36.64,NaN,NaN,NaN,ester
CCOC(=O)CCC,263.15,2.003,0.8183,0.99992,12.91,-36.64,NaN,NaN,NaN,ester
CCOC(=O)CCC,263.15,2.311,0.9121,0.99996,12.91,-36.64,NaN,NaN,NaN,ester
CCOC(=O)OCC,308.45,4.72,0.5,0.9947,NaN,NaN,NaN,NaN,NaN,ester
CCOC(=O)OCC,308.45,5.06,0.53,0.9948,NaN,NaN,NaN,NaN,NaN,ester
CCOC(=O)OCC,308.45,5.5,0.585,0.995,NaN,NaN,NaN,NaN,NaN,ester
CCOC(=O)OCC,308.45,5.8,0.625,0.9955,NaN,NaN,NaN,NaN,NaN,ester
CCOC(=O)OCC,308.45,6.07,0.682,0.9958,NaN,NaN,NaN,NaN,NaN,ester
CCOC(=O)OCC,308.45,6.5,0.73,0.9968,NaN,NaN,NaN,NaN,NaN,ester
CCOC(=O)OCC,308.45,6.75,0.8,0.9973,NaN,NaN,NaN,NaN,NaN,ester
CCOC(=O)OCC,308.45,6.94,0.84,0.9968,NaN,NaN,NaN,NaN,NaN,ester
CCOC(=O)OCC,308.45,7.14,0.892,0.9961,NaN,NaN,NaN,NaN,NaN,ester
CCOC(=O)OCC,313.45,4.5,0.45,0.995,NaN,NaN,NaN,NaN,NaN,ester
CCOC(=O)OCC,313.45,5.12,0.505,0.9961,NaN,NaN,NaN,NaN,NaN,ester
CCOC(=O)OCC,313.45,5.46,0.545,0.9969,NaN,NaN,NaN,NaN,NaN,ester
CCOC(=O)OCC,313.45,6.13,0.61,0.9978,NaN,NaN,NaN,NaN,NaN,ester
CCOC(=O)OCC,313.45,6.66,0.685,0.9983,NaN,NaN,NaN,NaN,NaN,ester
CCOC(=O)OCC,313.45,7.08,0.745,0.9977,NaN,NaN,NaN,NaN,NaN,ester
CCOC(=O)OCC,313.45,7.42,0.781,0.9975,NaN,NaN,NaN,NaN,NaN,ester
CCOC(=O)OCC,313.45,7.5,0.795,0.9965,NaN,NaN,NaN,NaN,NaN,ester
CCOC(=O)OCC,313.45,7.69,0.84,0.996,NaN,NaN,NaN,NaN,NaN,ester
CCOC(=O)OCC,318.55,4.3,0.4,0.9933,NaN,NaN,NaN,NaN,NaN,ester
CCOC(=O)OCC,318.55,5,0.46,0.9935,NaN,NaN,NaN,NaN,NaN,ester
CCOC(=O)OCC,318.55,5.21,0.475,0.9947,NaN,NaN,NaN,NaN,NaN,ester
CCOC(=O)OCC,318.55,5.73,0.523,0.9951,NaN,NaN,NaN,NaN,NaN,ester
CCOC(=O)OCC,318.55,6.13,0.565,0.9963,NaN,NaN,NaN,NaN,NaN,ester
CCOC(=O)OCC,318.55,6.85,0.619,0.9975,NaN,NaN,NaN,NaN,NaN,ester
CCOC(=O)OCC,318.55,7.2,0.66,0.9977,NaN,NaN,NaN,NaN,NaN,ester
CCOC(=O)OCC,318.55,7.5,0.701,0.997,NaN,NaN,NaN,NaN,NaN,ester
CCOC(=O)OCC,318.55,7.8,0.75,0.996,NaN,NaN,NaN,NaN,NaN,ester
CCOC(=O)OCC,318.55,8.2,0.78,0.994,NaN,NaN,NaN,NaN,NaN,ester
CCOC(=O)OCC,320.32,0.715,0.1194,0.9743,NaN,NaN,NaN,NaN,NaN,ester
CCOC(=O)OCC,320.32,1.902,0.2961,0.9894,NaN,NaN,NaN,NaN,NaN,ester
CCOC(=O)OCC,320.32,2.66,0.3903,0.9923,NaN,NaN,NaN,NaN,NaN,ester
CCOC(=O)OCC,320.32,3.351,0.4706,0.9941,NaN,NaN,NaN,NaN,NaN,ester
CCOC(=O)OCC,320.32,4.441,0.5835,0.9949,NaN,NaN,NaN,NaN,NaN,ester
CCOC(=O)OCC,320.32,6.079,0.737,0.9953,NaN,NaN,NaN,NaN,NaN,ester
CCOC(=O)OCC,320.32,7.365,0.846,0.9945,NaN,NaN,NaN,NaN,NaN,ester
CCOC(=O)OCC,320.32,8.411,0.9426,0.9906,NaN,NaN,NaN,NaN,NaN,ester
CCOC(=O)OCC,330.33,0.746,0.1095,0.9689,NaN,NaN,NaN,NaN,NaN,ester
CCOC(=O)OCC,330.33,1.715,0.2367,0.9854,NaN,NaN,NaN,NaN,NaN,ester
CCOC(=O)OCC,330.33,2.434,0.3204,0.9906,NaN,NaN,NaN,NaN,NaN,ester
CCOC(=O)OCC,330.33,3.458,0.4301,0.9922,NaN,NaN,NaN,NaN,NaN,ester
CCOC(=O)OCC,330.33,4.61,0.5374,0.993,NaN,NaN,NaN,NaN,NaN,ester
CCOC(=O)OCC,330.33,6.069,0.6554,0.9936,NaN,NaN,NaN,NaN,NaN,ester
CCOC(=O)OCC,330.33,7.175,0.7438,0.9932,NaN,NaN,NaN,NaN,NaN,ester
CCOC(=O)OCC,330.33,8.33,0.8227,0.9916,NaN,NaN,NaN,NaN,NaN,ester
CCOC(=O)OCC,340.29,1.183,0.149,0.9762,NaN,NaN,NaN,NaN,NaN,ester
CCOC(=O)OCC,340.29,2.147,0.2566,0.9848,NaN,NaN,NaN,NaN,NaN,ester
CCOC(=O)OCC,340.29,3.228,0.3625,0.9885,NaN,NaN,NaN,NaN,NaN,ester
CCOC(=O)OCC,340.29,4.058,0.4357,0.99,NaN,NaN,NaN,NaN,NaN,ester
CCOC(=O)OCC,340.29,5.557,0.5587,0.991,NaN,NaN,NaN,NaN,NaN,ester
CCOC(=O)OCC,340.29,6.747,0.6439,0.991,NaN,NaN,NaN,NaN,NaN,ester
CCOC(=O)OCC,340.29,7.761,0.7138,0.9903,NaN,NaN,NaN,NaN,NaN,ester
CCOC(=O)OCC,340.29,9.008,0.796,0.9878,NaN,NaN,NaN,NaN,NaN,ester
CCOC=O,243.15,0.301,0.3283,0.99436,31.28,-52.17,NaN,NaN,NaN,ester
CCOC=O,243.15,0.503,0.4916,0.99641,31.28,-52.17,NaN,NaN,NaN,ester
CCOC=O,243.15,0.601,0.5621,0.99769,31.28,-52.17,NaN,NaN,NaN,ester
CCOC=O,243.15,0.705,0.6254,0.99847,31.28,-52.17,NaN,NaN,NaN,ester
CCOC=O,243.15,0.8,0.6835,0.99908,31.28,-52.17,NaN,NaN,NaN,ester
CCOC=O,243.15,0.998,0.7889,0.99942,31.28,-52.17,NaN,NaN,NaN,ester
CCOC=O,253.15,0.401,0.3229,0.3229,31.28,-52.17,NaN,NaN,NaN,ester
CCOC=O,253.15,0.598,0.4489,0.4489,31.28,-52.17,NaN,NaN,NaN,ester
CCOC=O,253.15,0.809,0.5423,0.5423,31.28,-52.17,NaN,NaN,NaN,ester
CCOC=O,253.15,0.999,0.6257,0.6257,31.28,-52.17,NaN,NaN,NaN,ester
CCOC=O,253.15,1.303,0.7776,0.7776,31.28,-52.17,NaN,NaN,NaN,ester
CCOC=O,253.15,1.596,0.8817,0.8817,31.28,-52.17,NaN,NaN,NaN,ester
CCOC=O,263.15,0.502,0.3011,0.99037,31.28,-52.17,NaN,NaN,NaN,ester
CCOC=O,263.15,0.8,0.4423,0.99458,31.28,-52.17,NaN,NaN,NaN,ester
CCOC=O,263.15,1.105,0.5609,0.99664,31.28,-52.17,NaN,NaN,NaN,ester
CCOC=O,263.15,1.403,0.6617,0.99782,31.28,-52.17,NaN,NaN,NaN,ester
CCOC=O,263.15,1.701,0.7516,0.99861,31.28,-52.17,NaN,NaN,NaN,ester
CCOC=O,263.15,2.002,0.8355,0.99918,31.28,-52.17,NaN,NaN,NaN,ester
CCOC=O,263.15,2.301,0.9148,0.99961,31.28,-52.17,NaN,NaN,NaN,ester
CCOCC,298.15,0.701676,0.119,0.8878,NaN,NaN,NaN,NaN,NaN,ether
CCOCC,298.15,1.257545,0.2201,0.9354,NaN,NaN,NaN,NaN,NaN,ether
CCOCC,298.15,1.747147,0.3068,0.9564,NaN,NaN,NaN,NaN,NaN,ether
CCOCC,298.15,2.066827,0.3602,0.9613,NaN,NaN,NaN,NaN,NaN,ether
CCOCC,298.15,3.004489,0.5086,0.9709,NaN,NaN,NaN,NaN,NaN,ether
CCOCC,298.15,3.949142,0.6478,0.9776,NaN,NaN,NaN,NaN,NaN,ether
CCOCC,298.15,4.528214,0.7338,0.9783,NaN,NaN,NaN,NaN,NaN,ether
CCOCC,298.15,5.350061,0.8449,0.986,NaN,NaN,NaN,NaN,NaN,ether
CCOCC,298.15,5.706624,0.9002,0.9899,NaN,NaN,NaN,NaN,NaN,ether
CCOCC,313.15,1.289969,0.1802,0.8837,NaN,NaN,NaN,NaN,NaN,ether
CCOCC,313.15,1.791831,0.2508,0.9177,NaN,NaN,NaN,NaN,NaN,ether
CCOCC,313.15,3.370981,0.4637,0.9404,NaN,NaN,NaN,NaN,NaN,ether
CCOCC,313.15,3.874364,0.5419,0.9505,NaN,NaN,NaN,NaN,NaN,ether
CCOCC,313.15,4.887918,0.6653,0.9556,NaN,NaN,NaN,NaN,NaN,ether
CCOCC,313.15,5.191285,0.7043,0.9601,NaN,NaN,NaN,NaN,NaN,ether
CCOCC,313.15,5.826289,0.7748,0.9667,NaN,NaN,NaN,NaN,NaN,ether
CCOCC,313.15,6.54752,0.8398,0.9645,NaN,NaN,NaN,NaN,NaN,ether
CCOCC,313.15,7.22275,0.9003,0.9662,NaN,NaN,NaN,NaN,NaN,ether
CCOCCO,288.15,0.1012,0.0169,0.0013,NaN,NaN,NaN,NaN,NaN,alcohol
CCOCCO,288.15,1.9433,0.3247,0.0009,NaN,NaN,NaN,NaN,NaN,alcohol
CCOCCO,288.15,0.3948,0.066,0.0009,NaN,NaN,NaN,NaN,NaN,alcohol
CCOCCO,288.15,2.3016,0.3846,0.0013,NaN,NaN,NaN,NaN,NaN,alcohol
CCOCCO,288.15,0.7818,0.1306,0.0012,NaN,NaN,NaN,NaN,NaN,alcohol
CCOCCO,288.15,2.7678,0.4625,0.0008,NaN,NaN,NaN,NaN,NaN,alcohol
CCOCCO,288.15,1.0927,0.1826,0.001,NaN,NaN,NaN,NaN,NaN,alcohol
CCOCCO,288.15,3.1119,0.52,0.0008,NaN,NaN,NaN,NaN,NaN,alcohol
CCOCCO,288.15,1.5531,0.2595,0.0009,NaN,NaN,NaN,NaN,NaN,alcohol
CCOCCO,288.15,3.5905,0.5999,0.0012,NaN,NaN,NaN,NaN,NaN,alcohol
CCOCCO,298.15,0.3375,0.0403,0.0003,NaN,NaN,NaN,NaN,NaN,alcohol
CCOCCO,298.15,2.4451,0.2919,0.0012,NaN,NaN,NaN,NaN,NaN,alcohol
CCOCCO,298.15,0.8987,0.1073,0.0002,NaN,NaN,NaN,NaN,NaN,alcohol
CCOCCO,298.15,2.7269,0.3255,0.0012,NaN,NaN,NaN,NaN,NaN,alcohol
CCOCCO,298.15,1.3522,0.1614,0.0014,NaN,NaN,NaN,NaN,NaN,alcohol
CCOCCO,298.15,3.1065,0.3708,0.0011,NaN,NaN,NaN,NaN,NaN,alcohol
CCOCCO,298.15,1.8018,0.2151,0.0012,NaN,NaN,NaN,NaN,NaN,alcohol
CCOCCO,298.15,3.5484,0.4236,0.0004,NaN,NaN,NaN,NaN,NaN,alcohol
CCOCCO,298.15,2.1903,0.2615,0.0011,NaN,NaN,NaN,NaN,NaN,alcohol
CCOCCO,298.15,3.9798,0.4751,0.001,NaN,NaN,NaN,NaN,NaN,alcohol
CCOCCO,308.15,0.2671,0.0253,0.0007,NaN,NaN,NaN,NaN,NaN,alcohol
CCOCCO,308.15,2.9203,0.2772,0.0007,NaN,NaN,NaN,NaN,NaN,alcohol
CCOCCO,308.15,0.5349,0.0508,0.0006,NaN,NaN,NaN,NaN,NaN,alcohol
CCOCCO,308.15,3.3734,0.3202,0.0006,NaN,NaN,NaN,NaN,NaN,alcohol
CCOCCO,308.15,0.928,0.0881,0.0005,NaN,NaN,NaN,NaN,NaN,alcohol
CCOCCO,308.15,3.7898,0.3597,0.0005,NaN,NaN,NaN,NaN,NaN,alcohol
CCOCCO,308.15,1.3165,0.1249,0.001,NaN,NaN,NaN,NaN,NaN,alcohol
CCOCCO,308.15,4.1335,0.3923,0.0008,NaN,NaN,NaN,NaN,NaN,alcohol
CCOCCO,308.15,1.7226,0.1635,0.0003,NaN,NaN,NaN,NaN,NaN,alcohol
CCOCCO,308.15,4.5842,0.4351,0.0006,NaN,NaN,NaN,NaN,NaN,alcohol
CCOCCO,308.15,2.1147,0.2007,0.0003,NaN,NaN,NaN,NaN,NaN,alcohol
CCOCCO,308.15,5.0933,0.4834,0.0012,NaN,NaN,NaN,NaN,NaN,alcohol
CCOCCO,308.15,2.519,0.2391,0.0008,NaN,NaN,NaN,NaN,NaN,alcohol
CCOCCO,313.2,1.4,0.11,NaN,NaN,NaN,NaN,NaN,NaN,alcohol
CCOCCO,313.2,2.14,0.177,NaN,NaN,NaN,NaN,NaN,NaN,alcohol
CCOCCO,313.2,2.89,0.238,NaN,NaN,NaN,NaN,NaN,NaN,alcohol
CCOCCO,313.2,3.51,0.295,NaN,NaN,NaN,NaN,NaN,NaN,alcohol
CCOCCO,313.2,4.26,0.367,NaN,NaN,NaN,NaN,NaN,NaN,alcohol
CCOCCO,313.2,5.12,0.444,NaN,NaN,NaN,NaN,NaN,NaN,alcohol
CCOCCO,313.2,5.97,0.525,NaN,NaN,NaN,NaN,NaN,NaN,alcohol
CCOCCO,313.2,7.07,0.686,NaN,NaN,NaN,NaN,NaN,NaN,alcohol
CCOCCO,313.2,7.54,0.764,NaN,NaN,NaN,NaN,NaN,NaN,alcohol
CCOCCO,313.2,7.79,0.845,NaN,NaN,NaN,NaN,NaN,NaN,alcohol
CCOCCO,313.2,7.87,0.881,NaN,NaN,NaN,NaN,NaN,NaN,alcohol
CCOCCO,318.15,0.1985,0.0162,0.0003,NaN,NaN,NaN,NaN,NaN,alcohol
CCOCCO,318.15,3.0922,0.2525,0.0011,NaN,NaN,NaN,NaN,NaN,alcohol
CCOCCO,318.15,0.4873,0.0398,0.0002,NaN,NaN,NaN,NaN,NaN,alcohol
CCOCCO,318.15,3.4198,0.2793,0.0004,NaN,NaN,NaN,NaN,NaN,alcohol
CCOCCO,318.15,0.9539,0.0779,0.0014,NaN,NaN,NaN,NaN,NaN,alcohol
CCOCCO,318.15,3.8874,0.3175,0.0011,NaN,NaN,NaN,NaN,NaN,alcohol
CCOCCO,318.15,1.3764,0.1124,0.0012,NaN,NaN,NaN,NaN,NaN,alcohol
CCOCCO,318.15,4.2196,0.3446,0.0009,NaN,NaN,NaN,NaN,NaN,alcohol
CCOCCO,318.15,1.7962,0.1467,0.0011,NaN,NaN,NaN,NaN,NaN,alcohol
CCOCCO,318.15,4.6508,0.3798,0.0011,NaN,NaN,NaN,NaN,NaN,alcohol
CCOCCO,318.15,2.1007,0.1716,0.0012,NaN,NaN,NaN,NaN,NaN,alcohol
CCOCCO,318.15,5.1077,0.4171,0.0011,NaN,NaN,NaN,NaN,NaN,alcohol
CCOCCO,318.15,2.587,0.2113,0.0012,NaN,NaN,NaN,NaN,NaN,alcohol
CCOCCO,318.15,5.5651,0.4545,0.001,NaN,NaN,NaN,NaN,NaN,alcohol
CCOCCO,320.2,2.06,0.14,NaN,NaN,NaN,NaN,NaN,NaN,alcohol
CCOCCO,320.2,2.67,0.186,NaN,NaN,NaN,NaN,NaN,NaN,alcohol
CCOCCO,320.2,3.31,0.234,NaN,NaN,NaN,NaN,NaN,NaN,alcohol
CCOCCO,320.2,3.85,0.273,NaN,NaN,NaN,NaN,NaN,NaN,alcohol
CCOCCO,320.2,4.49,0.319,NaN,NaN,NaN,NaN,NaN,NaN,alcohol
CCOCCO,320.2,5.09,0.368,NaN,NaN,NaN,NaN,NaN,NaN,alcohol
CCOCCO,320.2,5.68,0.42,NaN,NaN,NaN,NaN,NaN,NaN,alcohol
CCOCCO,320.2,6.29,0.478,NaN,NaN,NaN,NaN,NaN,NaN,alcohol
CCOCCO,320.2,6.94,0.529,NaN,NaN,NaN,NaN,NaN,NaN,alcohol
CCOCCO,320.2,7.52,0.6,NaN,NaN,NaN,NaN,NaN,NaN,alcohol
CCOCCO,320.2,8.02,0.676,NaN,NaN,NaN,NaN,NaN,NaN,alcohol
CCOCCO,320.2,8.53,0.755,NaN,NaN,NaN,NaN,NaN,NaN,alcohol
CCOCCO,320.2,8.83,0.852,NaN,NaN,NaN,NaN,NaN,NaN,alcohol
CCOCCO,323.3,1.29,0.0885,0.9997,NaN,NaN,NaN,NaN,NaN,alcohol
CCOCCO,323.3,2.76,0.1802,0.9998,NaN,NaN,NaN,NaN,NaN,alcohol
CCOCCO,323.3,4.35,0.2889,0.9999,NaN,NaN,NaN,NaN,NaN,alcohol
CCOCCO,323.3,5.88,0.4134,0.9999,NaN,NaN,NaN,NaN,NaN,alcohol
CCOCCO,323.3,7.35,0.5587,0.9999,NaN,NaN,NaN,NaN,NaN,alcohol
CCOCCO,323.3,8.95,0.8134,0.9999,NaN,NaN,NaN,NaN,NaN,alcohol
CCOCCO,323.3,9.29,0.9289,0.9815,NaN,NaN,NaN,NaN,NaN,alcohol
CCOCCO,323.3,9.31,0.9451,0.9778,NaN,NaN,NaN,NaN,NaN,alcohol
CCOCCO,323.3,9.34,0.969,0.975,NaN,NaN,NaN,NaN,NaN,alcohol
CCOCCO,328.2,1.53,0.098,NaN,NaN,NaN,NaN,NaN,NaN,alcohol
CCOCCO,328.2,2.27,0.142,NaN,NaN,NaN,NaN,NaN,NaN,alcohol
CCOCCO,328.2,3.15,0.201,NaN,NaN,NaN,NaN,NaN,NaN,alcohol
CCOCCO,328.2,3.93,0.251,NaN,NaN,NaN,NaN,NaN,NaN,alcohol
CCOCCO,328.2,4.68,0.291,NaN,NaN,NaN,NaN,NaN,NaN,alcohol
CCOCCO,328.2,5.45,0.348,NaN,NaN,NaN,NaN,NaN,NaN,alcohol
CCOCCO,328.2,6.24,0.404,NaN,NaN,NaN,NaN,NaN,NaN,alcohol
CCOCCO,328.2,7.01,0.457,NaN,NaN,NaN,NaN,NaN,NaN,alcohol
CCOCCO,328.2,7.81,0.522,NaN,NaN,NaN,NaN,NaN,NaN,alcohol
CCOCCO,328.2,8.54,0.592,NaN,NaN,NaN,NaN,NaN,NaN,alcohol
CCOCCO,328.2,9.37,0.692,NaN,NaN,NaN,NaN,NaN,NaN,alcohol
CCOCCO,328.2,9.58,0.724,NaN,NaN,NaN,NaN,NaN,NaN,alcohol
CCOCCO,328.2,9.88,0.787,NaN,NaN,NaN,NaN,NaN,NaN,alcohol
CCOCCO,330,1.58,0.098,0.9997,NaN,NaN,NaN,NaN,NaN,alcohol
CCOCCO,330,2.97,0.1781,0.9998,NaN,NaN,NaN,NaN,NaN,alcohol
CCOCCO,330,4.57,0.2834,0.9999,NaN,NaN,NaN,NaN,NaN,alcohol
CCOCCO,330,6.44,0.4077,0.9999,NaN,NaN,NaN,NaN,NaN,alcohol
CCOCCO,330,7.63,0.513,0.9999,NaN,NaN,NaN,NaN,NaN,alcohol
CCOCCO,330,8.68,0.617,0.9999,NaN,NaN,NaN,NaN,NaN,alcohol
CCOCCO,330,9.64,0.7673,0.9868,NaN,NaN,NaN,NaN,NaN,alcohol
CCOCCO,330,10.03,0.853,0.9793,NaN,NaN,NaN,NaN,NaN,alcohol
CCOCCO,330,10.15,0.8838,0.9741,NaN,NaN,NaN,NaN,NaN,alcohol
CCOCCO,330,10.26,0.9241,0.9611,NaN,NaN,NaN,NaN,NaN,alcohol
CCOCCO,330,10.31,0.9361,0.9531,NaN,NaN,NaN,NaN,NaN,alcohol
CCOCCO,337.15,0.36,0.0788,0.9995,NaN,NaN,NaN,NaN,NaN,alcohol
CCOCCO,337.15,2.86,0.158,0.9999,NaN,NaN,NaN,NaN,NaN,alcohol
CCOCCO,337.15,4.48,0.2477,0.9999,NaN,NaN,NaN,NaN,NaN,alcohol
CCOCCO,337.15,6,0.3417,0.9999,NaN,NaN,NaN,NaN,NaN,alcohol
CCOCCO,337.15,7.38,0.4368,0.9999,NaN,NaN,NaN,NaN,NaN,alcohol
CCOCCO,337.15,9.03,0.5695,0.9899,NaN,NaN,NaN,NaN,NaN,alcohol
CCOCCO,337.15,10.26,0.7019,0.9853,NaN,NaN,NaN,NaN,NaN,alcohol
CCOCCO,337.15,10.8,0.7798,0.9775,NaN,NaN,NaN,NaN,NaN,alcohol
CCOCCO,337.15,11.09,0.8412,0.9665,NaN,NaN,NaN,NaN,NaN,alcohol
CCOCCO,337.15,11.24,0.8759,0.9551,NaN,NaN,NaN,NaN,NaN,alcohol
CCOCCO,337.15,11.28,0.9043,0.9459,NaN,NaN,NaN,NaN,NaN,alcohol
CCOCCO,344.1,1.96,0.1026,0.9996,NaN,NaN,NaN,NaN,NaN,alcohol
CCOCCO,344.1,3.46,0.1753,0.9999,NaN,NaN,NaN,NaN,NaN,alcohol
CCOCCO,344.1,4.86,0.2489,0.9999,NaN,NaN,NaN,NaN,NaN,alcohol
CCOCCO,344.1,6.52,0.3411,0.9928,NaN,NaN,NaN,NaN,NaN,alcohol
CCOCCO,344.1,8.02,0.4381,0.9914,NaN,NaN,NaN,NaN,NaN,alcohol
CCOCCO,344.1,9.43,0.5321,0.9883,NaN,NaN,NaN,NaN,NaN,alcohol
CCOCCO,344.1,10.67,0.6379,0.9814,NaN,NaN,NaN,NaN,NaN,alcohol
CCOCCO,344.1,11.59,0.7365,0.975,NaN,NaN,NaN,NaN,NaN,alcohol
CCOCCO,344.1,12.19,0.9342,0.9499,NaN,NaN,NaN,NaN,NaN,alcohol
CCOCCO,344.1,12.31,0.8723,0.9331,NaN,NaN,NaN,NaN,NaN,alcohol
CCOCCO,344.1,12.37,0.8944,0.9052,NaN,NaN,NaN,NaN,NaN,alcohol
CCOCCOCC,313.15,1.2,0.1724,0.9927,NaN,NaN,NaN,NaN,NaN,ether
CCOCCOCC,313.15,1.77,0.2597,0.9933,NaN,NaN,NaN,NaN,NaN,ether
CCOCCOCC,313.15,2.47,0.3444,0.9923,NaN,NaN,NaN,NaN,NaN,ether
CCOCCOCC,313.15,2.9,0.3907,0.9986,NaN,NaN,NaN,NaN,NaN,ether
CCOCCOCC,313.15,3.8,0.4931,0.9951,NaN,NaN,NaN,NaN,NaN,ether
CCOCCOCC,313.15,4.43,0.5588,0.9899,NaN,NaN,NaN,NaN,NaN,ether
CCOCCOCC,313.15,5.32,0.6379,0.9925,NaN,NaN,NaN,NaN,NaN,ether
CCOCCOCC,313.15,5.92,0.6961,0.9894,NaN,NaN,NaN,NaN,NaN,ether
CCOCCOCC,313.15,6.86,0.7885,0.9825,NaN,NaN,NaN,NaN,NaN,ether
CCOCCOCC,313.15,8.06,0.8741,0.9789,NaN,NaN,NaN,NaN,NaN,ether
CCOCCOCC,323.15,1.67,0.1913,0.9918,NaN,NaN,NaN,NaN,NaN,ether
CCOCCOCC,323.15,2.74,0.3084,0.9987,NaN,NaN,NaN,NaN,NaN,ether
CCOCCOCC,323.15,3.17,0.3558,0.9925,NaN,NaN,NaN,NaN,NaN,ether
CCOCCOCC,323.15,3.56,0.3948,0.9917,NaN,NaN,NaN,NaN,NaN,ether
CCOCCOCC,323.15,4.11,0.4361,0.9894,NaN,NaN,NaN,NaN,NaN,ether
CCOCCOCC,323.15,5.73,0.5593,0.9905,NaN,NaN,NaN,NaN,NaN,ether
CCOCCOCC,323.15,6.58,0.6251,0.9937,NaN,NaN,NaN,NaN,NaN,ether
CCOCCOCC,323.15,7.13,0.6687,0.9979,NaN,NaN,NaN,NaN,NaN,ether
CCOCCOCC,323.15,7.88,0.7245,0.9954,NaN,NaN,NaN,NaN,NaN,ether
CCOCCOCC,323.15,9.1,0.8003,0.9988,NaN,NaN,NaN,NaN,NaN,ether
CCOCCOCC,333.15,1.83,0.1937,0.9889,NaN,NaN,NaN,NaN,NaN,ether
CCOCCOCC,333.15,2.16,0.2265,0.9891,NaN,NaN,NaN,NaN,NaN,ether
CCOCCOCC,333.15,2.75,0.2818,0.9937,NaN,NaN,NaN,NaN,NaN,ether
CCOCCOCC,333.15,2.92,0.3139,0.9954,NaN,NaN,NaN,NaN,NaN,ether
CCOCCOCC,333.15,3.25,0.3453,0.9989,NaN,NaN,NaN,NaN,NaN,ether
CCOCCOCC,333.15,3.72,0.3759,0.9888,NaN,NaN,NaN,NaN,NaN,ether
CCOCCOCC,333.15,4.14,0.4073,0.9994,NaN,NaN,NaN,NaN,NaN,ether
CCOCCOCC,333.15,4.55,0.4458,0.9979,NaN,NaN,NaN,NaN,NaN,ether
CCOCCOCC,333.15,5.73,0.5381,0.9987,NaN,NaN,NaN,NaN,NaN,ether
CCOCCOCC,333.15,6.5,0.5776,0.9894,NaN,NaN,NaN,NaN,NaN,ether
CCOCCOCC,333.15,7.05,0.6153,0.9892,NaN,NaN,NaN,NaN,NaN,ether
CCOCCOCC,333.15,7.71,0.6621,0.9905,NaN,NaN,NaN,NaN,NaN,ether
CCOCCOCC,333.15,8.61,0.7184,0.9981,NaN,NaN,NaN,NaN,NaN,ether
CCOCCOCC,333.15,9.88,0.8008,0.9883,NaN,NaN,NaN,NaN,NaN,ether
CCOCCOCC,333.15,10.41,0.8413,0.9951,NaN,NaN,NaN,NaN,NaN,ether
CO,243.15,0.31,0.0936,0.998804,NaN,NaN,NaN,NaN,NaN,alcohol
CO,243.15,0.399,0.1221,0.999062,NaN,NaN,NaN,NaN,NaN,alcohol
CO,243.15,0.5,0.1467,0.999244,NaN,NaN,NaN,NaN,NaN,alcohol
CO,243.15,0.592,0.1838,0.999359,NaN,NaN,NaN,NaN,NaN,alcohol
CO,243.15,0.807,0.2423,0.999528,NaN,NaN,NaN,NaN,NaN,alcohol
CO,243.15,0.886,0.2663,0.999584,NaN,NaN,NaN,NaN,NaN,alcohol
CO,243.15,0.99,0.3243,0.99966,NaN,NaN,NaN,NaN,NaN,alcohol
CO,243.15,1.103,0.4286,0.99969,NaN,NaN,NaN,NaN,NaN,alcohol
CO,243.15,1.2,0.4952,0.999726,NaN,NaN,NaN,NaN,NaN,alcohol
CO,248.15,0.41,0.0866,0.997728,NaN,NaN,NaN,NaN,NaN,alcohol
CO,248.15,0.507,0.1165,0.998361,NaN,NaN,NaN,NaN,NaN,alcohol
CO,248.15,0.607,0.1468,0.998647,NaN,NaN,NaN,NaN,NaN,alcohol
CO,248.15,0.708,0.1794,0.998855,NaN,NaN,NaN,NaN,NaN,alcohol
CO,248.15,0.813,0.2179,0.999088,NaN,NaN,NaN,NaN,NaN,alcohol
CO,248.15,0.909,0.2439,0.999163,NaN,NaN,NaN,NaN,NaN,alcohol
CO,248.15,1.01,0.2629,0.999212,NaN,NaN,NaN,NaN,NaN,alcohol
CO,248.15,1.098,0.314,0.999267,NaN,NaN,NaN,NaN,NaN,alcohol
CO,248.15,1.218,0.3595,0.999424,NaN,NaN,NaN,NaN,NaN,alcohol
CO,248.15,1.313,0.4279,0.999468,NaN,NaN,NaN,NaN,NaN,alcohol
CO,248.15,1.398,0.4824,0.999522,NaN,NaN,NaN,NaN,NaN,alcohol
CO,288.15,0.1324,0.0114,NaN,NaN,NaN,NaN,NaN,NaN,alcohol
CO,288.15,0.3269,0.0282,NaN,NaN,NaN,NaN,NaN,NaN,alcohol
CO,288.15,0.5038,0.0435,NaN,NaN,NaN,NaN,NaN,NaN,alcohol
CO,288.15,0.8643,0.0746,NaN,NaN,NaN,NaN,NaN,NaN,alcohol
CO,288.15,1.162,0.1003,NaN,NaN,NaN,NaN,NaN,NaN,alcohol
CO,288.15,1.7874,0.1543,NaN,NaN,NaN,NaN,NaN,NaN,alcohol
CO,288.15,2.1351,0.1843,NaN,NaN,NaN,NaN,NaN,NaN,alcohol
CO,288.15,2.5806,0.2228,NaN,NaN,NaN,NaN,NaN,NaN,alcohol
CO,288.15,2.9347,0.2534,NaN,NaN,NaN,NaN,NaN,NaN,alcohol
CO,288.15,3.0854,0.2664,NaN,NaN,NaN,NaN,NaN,NaN,alcohol
CO,298.15,0.2213,0.0163,NaN,NaN,NaN,NaN,NaN,NaN,alcohol
CO,298.15,0.3998,0.0294,NaN,NaN,NaN,NaN,NaN,NaN,alcohol
CO,298.15,0.5446,0.04,NaN,NaN,NaN,NaN,NaN,NaN,alcohol
CO,298.15,0.7742,0.0568,NaN,NaN,NaN,NaN,NaN,NaN,alcohol
CO,298.15,0.9623,0.0706,NaN,NaN,NaN,NaN,NaN,NaN,alcohol
CO,298.15,1.2869,0.0945,NaN,NaN,NaN,NaN,NaN,NaN,alcohol
CO,298.15,1.5535,0.1141,NaN,NaN,NaN,NaN,NaN,NaN,alcohol
CO,298.15,1.9685,0.1445,NaN,NaN,NaN,NaN,NaN,NaN,alcohol
CO,298.15,2.3634,0.1735,NaN,NaN,NaN,NaN,NaN,NaN,alcohol
CO,298.15,2.7921,0.205,NaN,NaN,NaN,NaN,NaN,NaN,alcohol
CO,298.15,3.1538,0.2315,NaN,NaN,NaN,NaN,NaN,NaN,alcohol
CO,298.15,3.6043,0.2646,NaN,NaN,NaN,NaN,NaN,NaN,alcohol
CO,298.15,3.9219,0.2879,NaN,NaN,NaN,NaN,NaN,NaN,alcohol
CO,298.15,4.3365,0.3185,NaN,NaN,NaN,NaN,NaN,NaN,alcohol
CO,308.15,0.2365,0.0146,NaN,NaN,NaN,NaN,NaN,NaN,alcohol
CO,308.15,0.4219,0.026,NaN,NaN,NaN,NaN,NaN,NaN,alcohol
CO,308.15,0.6043,0.0373,NaN,NaN,NaN,NaN,NaN,NaN,alcohol
CO,308.15,0.8538,0.0527,NaN,NaN,NaN,NaN,NaN,NaN,alcohol
CO,308.15,1.0792,0.0666,NaN,NaN,NaN,NaN,NaN,NaN,alcohol
CO,308.15,1.3634,0.0842,NaN,NaN,NaN,NaN,NaN,NaN,alcohol
CO,308.15,1.5685,0.0968,NaN,NaN,NaN,NaN,NaN,NaN,alcohol
CO,308.15,1.7017,0.1051,NaN,NaN,NaN,NaN,NaN,NaN,alcohol
CO,308.15,1.9535,0.1206,NaN,NaN,NaN,NaN,NaN,NaN,alcohol
CO,308.15,2.1869,0.135,NaN,NaN,NaN,NaN,NaN,NaN,alcohol
CO,308.15,2.3623,0.1458,NaN,NaN,NaN,NaN,NaN,NaN,alcohol
CO,308.15,2.6742,0.1651,NaN,NaN,NaN,NaN,NaN,NaN,alcohol
CO,308.15,2.9446,0.1818,NaN,NaN,NaN,NaN,NaN,NaN,alcohol
CO,308.15,3.2998,0.2037,NaN,NaN,NaN,NaN,NaN,NaN,alcohol
CO,308.15,3.5213,0.2174,NaN,NaN,NaN,NaN,NaN,NaN,alcohol
CO,308.15,3.8213,0.2359,NaN,NaN,NaN,NaN,NaN,NaN,alcohol
CO,308.15,4.0065,0.2474,NaN,NaN,NaN,NaN,NaN,NaN,alcohol
CO,308.15,4.3878,0.2709,NaN,NaN,NaN,NaN,NaN,NaN,alcohol
CO,308.15,4.692,0.2897,NaN,NaN,NaN,NaN,NaN,NaN,alcohol
CO,308.15,4.9101,0.3031,NaN,NaN,NaN,NaN,NaN,NaN,alcohol
CO,308.15,5.0412,0.3112,NaN,NaN,NaN,NaN,NaN,NaN,alcohol
CO,318.15,0.1236,0.0062,NaN,NaN,NaN,NaN,NaN,NaN,alcohol
CO,318.15,0.3421,0.0172,NaN,NaN,NaN,NaN,NaN,NaN,alcohol
CO,318.15,0.5604,0.0282,NaN,NaN,NaN,NaN,NaN,NaN,alcohol
CO,318.15,0.7538,0.0379,NaN,NaN,NaN,NaN,NaN,NaN,alcohol
CO,318.15,1.1279,0.0567,NaN,NaN,NaN,NaN,NaN,NaN,alcohol
CO,318.15,1.4363,0.0722,NaN,NaN,NaN,NaN,NaN,NaN,alcohol
CO,318.15,1.6885,0.0849,NaN,NaN,NaN,NaN,NaN,NaN,alcohol
CO,318.15,1.9701,0.099,NaN,NaN,NaN,NaN,NaN,NaN,alcohol
CO,318.15,2.2535,0.1132,NaN,NaN,NaN,NaN,NaN,NaN,alcohol
CO,318.15,2.4986,0.1256,NaN,NaN,NaN,NaN,NaN,NaN,alcohol
CO,318.15,2.7362,0.1375,NaN,NaN,NaN,NaN,NaN,NaN,alcohol
CO,318.15,2.9274,0.1471,NaN,NaN,NaN,NaN,NaN,NaN,alcohol
CO,318.15,3.2446,0.1631,NaN,NaN,NaN,NaN,NaN,NaN,alcohol
CO,318.15,3.5199,0.1769,NaN,NaN,NaN,NaN,NaN,NaN,alcohol
CO,318.15,3.7213,0.187,NaN,NaN,NaN,NaN,NaN,NaN,alcohol
CO,318.15,3.9821,0.2001,NaN,NaN,NaN,NaN,NaN,NaN,alcohol
CO,318.15,4.2265,0.2124,NaN,NaN,NaN,NaN,NaN,NaN,alcohol
CO,318.15,4.5387,0.2281,NaN,NaN,NaN,NaN,NaN,NaN,alcohol
CO,318.15,4.8692,0.2447,NaN,NaN,NaN,NaN,NaN,NaN,alcohol
CO,318.15,5.041,0.2533,NaN,NaN,NaN,NaN,NaN,NaN,alcohol
CO,318.15,5.2712,0.2649,NaN,NaN,NaN,NaN,NaN,NaN,alcohol
CO,318.15,5.5761,0.2802,NaN,NaN,NaN,NaN,NaN,NaN,alcohol
COC(=O)C1=CC=CC=C1O,308.15,1.515,0.1097,0.9998,NaN,NaN,NaN,NaN,NaN,aromatic
COC(=O)C1=CC=CC=C1O,308.15,2.954,0.2076,0.9998,NaN,NaN,NaN,NaN,NaN,aromatic
COC(=O)C1=CC=CC=C1O,308.15,4.238,0.3304,0.9997,NaN,NaN,NaN,NaN,NaN,aromatic
COC(=O)C1=CC=CC=C1O,308.15,5.59,0.4374,0.9997,NaN,NaN,NaN,NaN,NaN,aromatic
COC(=O)C1=CC=CC=C1O,308.15,6.979,0.5704,0.9996,NaN,NaN,NaN,NaN,NaN,aromatic
COC(=O)C1=CC=CC=C1O,308.15,8.375,0.6825,0.999,NaN,NaN,NaN,NaN,NaN,aromatic
COC(=O)C1=CC=CC=C1O,318.15,1.567,0.0954,0.9996,NaN,NaN,NaN,NaN,NaN,aromatic
COC(=O)C1=CC=CC=C1O,318.15,2.91,0.1887,0.9996,NaN,NaN,NaN,NaN,NaN,aromatic
COC(=O)C1=CC=CC=C1O,318.15,4.324,0.2807,0.9996,NaN,NaN,NaN,NaN,NaN,aromatic
COC(=O)C1=CC=CC=C1O,318.15,5.6,0.376,0.9995,NaN,NaN,NaN,NaN,NaN,aromatic
COC(=O)C1=CC=CC=C1O,318.15,6.858,0.4577,0.9995,NaN,NaN,NaN,NaN,NaN,aromatic
COC(=O)C1=CC=CC=C1O,318.15,8.272,0.5508,0.9994,NaN,NaN,NaN,NaN,NaN,aromatic
COC(=O)C1=CC=CC=C1O,318.15,9.961,0.6387,0.9963,NaN,NaN,NaN,NaN,NaN,aromatic
COC(=O)C1=CC=CC=C1O,318.15,11.236,0.6787,0.9921,NaN,NaN,NaN,NaN,NaN,aromatic
COC(=O)C1=CC=CC=C1O,328.15,1.549,0.0878,0.9997,NaN,NaN,NaN,NaN,NaN,aromatic
COC(=O)C1=CC=CC=C1O,328.15,2.859,0.1635,0.9997,NaN,NaN,NaN,NaN,NaN,aromatic
COC(=O)C1=CC=CC=C1O,328.15,4.238,0.2437,0.9996,NaN,NaN,NaN,NaN,NaN,aromatic
COC(=O)C1=CC=CC=C1O,328.15,5.634,0.3199,0.9996,NaN,NaN,NaN,NaN,NaN,aromatic
COC(=O)C1=CC=CC=C1O,328.15,6.961,0.4057,0.9994,NaN,NaN,NaN,NaN,NaN,aromatic
COC(=O)C1=CC=CC=C1O,328.15,9.34,0.5124,0.999,NaN,NaN,NaN,NaN,NaN,aromatic
COC(=O)C1=CC=CC=C1O,328.15,10.064,0.5429,0.9987,NaN,NaN,NaN,NaN,NaN,aromatic
COC(=O)C1=CC=CC=C1O,328.15,12.098,0.6341,0.9949,NaN,NaN,NaN,NaN,NaN,aromatic
COC(=O)C1=CC=CC=C1O,328.15,13.201,0.6657,0.9868,NaN,NaN,NaN,NaN,NaN,aromatic
COC(=O)OC,280.7,0.0742,0.0209,0.0012,NaN,NaN,NaN,NaN,NaN,ester
COC(=O)OC,280.7,1.0921,0.2786,0.0011,NaN,NaN,NaN,NaN,NaN,ester
COC(=O)OC,280.7,0.1883,0.0528,0.0012,NaN,NaN,NaN,NaN,NaN,ester
COC(=O)OC,280.7,1.4123,0.3532,0.001,NaN,NaN,NaN,NaN,NaN,ester
COC(=O)OC,280.7,0.3355,0.0912,0.001,NaN,NaN,NaN,NaN,NaN,ester
COC(=O)OC,280.7,1.7476,0.429,0.001,NaN,NaN,NaN,NaN,NaN,ester
COC(=O)OC,280.7,0.4175,0.1123,0.0011,NaN,NaN,NaN,NaN,NaN,ester
COC(=O)OC,280.7,2.0778,0.4967,0.0011,NaN,NaN,NaN,NaN,NaN,ester
COC(=O)OC,280.7,0.7188,0.1883,0.0009,NaN,NaN,NaN,NaN,NaN,ester
COC(=O)OC,280.7,2.3099,0.5457,0.0009,NaN,NaN,NaN,NaN,NaN,ester
COC(=O)OC,280.7,0.9089,0.2351,0.0011,NaN,NaN,NaN,NaN,NaN,ester
COC(=O)OC,289.49,0.2396,0.0539,0.0014,NaN,NaN,NaN,NaN,NaN,ester
COC(=O)OC,289.49,1.9413,0.4025,0.001,NaN,NaN,NaN,NaN,NaN,ester
COC(=O)OC,289.49,0.8032,0.1738,0.0012,NaN,NaN,NaN,NaN,NaN,ester
COC(=O)OC,289.49,2.2316,0.4502,0.0009,NaN,NaN,NaN,NaN,NaN,ester
COC(=O)OC,289.49,1.1015,0.2346,0.0011,NaN,NaN,NaN,NaN,NaN,ester
COC(=O)OC,289.49,2.5228,0.5061,0.0011,NaN,NaN,NaN,NaN,NaN,ester
COC(=O)OC,289.49,1.3728,0.2955,0.0012,NaN,NaN,NaN,NaN,NaN,ester
COC(=O)OC,289.49,2.712,0.5374,0.0009,NaN,NaN,NaN,NaN,NaN,ester
COC(=O)OC,289.49,1.563,0.3331,0.0012,NaN,NaN,NaN,NaN,NaN,ester
COC(=O)OC,289.49,3.1323,0.6015,0.0009,NaN,NaN,NaN,NaN,NaN,ester
COC(=O)OC,289.49,1.7752,0.3746,0.0011,NaN,NaN,NaN,NaN,NaN,ester
COC(=O)OC,289.49,3.6126,0.6734,0.0009,NaN,NaN,NaN,NaN,NaN,ester
COC(=O)OC,298.47,0.0736,0.014,0.0011,NaN,NaN,NaN,NaN,NaN,ester
COC(=O)OC,298.47,2.1464,0.3615,0.0011,NaN,NaN,NaN,NaN,NaN,ester
COC(=O)OC,298.47,0.2799,0.0519,0.0011,NaN,NaN,NaN,NaN,NaN,ester
COC(=O)OC,298.47,2.4596,0.4091,0.0009,NaN,NaN,NaN,NaN,NaN,ester
COC(=O)OC,298.47,0.6015,0.1094,0.001,NaN,NaN,NaN,NaN,NaN,ester
COC(=O)OC,298.47,3.0753,0.4942,0.0012,NaN,NaN,NaN,NaN,NaN,ester
COC(=O)OC,298.47,0.8768,0.1573,0.0009,NaN,NaN,NaN,NaN,NaN,ester
COC(=O)OC,298.47,3.6219,0.5688,0.0009,NaN,NaN,NaN,NaN,NaN,ester
COC(=O)OC,298.47,1.2793,0.225,0.0011,NaN,NaN,NaN,NaN,NaN,ester
COC(=O)OC,298.47,4.4587,0.6701,0.0011,NaN,NaN,NaN,NaN,NaN,ester
COC(=O)OC,298.47,1.6698,0.2877,0.001,NaN,NaN,NaN,NaN,NaN,ester
COC(=O)OC,307.84,0.1947,0.0323,0.001,NaN,NaN,NaN,NaN,NaN,ester
COC(=O)OC,307.84,2.6466,0.3703,0.0013,NaN,NaN,NaN,NaN,NaN,ester
COC(=O)OC,307.84,0.4832,0.0757,0.001,NaN,NaN,NaN,NaN,NaN,ester
COC(=O)OC,307.84,3.1533,0.4322,0.0011,NaN,NaN,NaN,NaN,NaN,ester
COC(=O)OC,307.84,0.7395,0.113,0.0009,NaN,NaN,NaN,NaN,NaN,ester
COC(=O)OC,307.84,3.6091,0.4866,0.0009,NaN,NaN,NaN,NaN,NaN,ester
COC(=O)OC,307.84,0.9909,0.1496,0.0009,NaN,NaN,NaN,NaN,NaN,ester
COC(=O)OC,307.84,3.9355,0.5248,0.0008,NaN,NaN,NaN,NaN,NaN,ester
COC(=O)OC,307.84,1.3327,0.1984,0.001,NaN,NaN,NaN,NaN,NaN,ester
COC(=O)OC,307.84,4.3361,0.5719,0.001,NaN,NaN,NaN,NaN,NaN,ester
COC(=O)OC,307.84,1.7133,0.2494,0.0009,NaN,NaN,NaN,NaN,NaN,ester
COC(=O)OC,307.84,4.8087,0.6254,0.001,NaN,NaN,NaN,NaN,NaN,ester
COC(=O)OC,307.84,1.9816,0.2855,0.0008,NaN,NaN,NaN,NaN,NaN,ester
COC(=O)OC,307.84,5.0551,0.6536,0.0009,NaN,NaN,NaN,NaN,NaN,ester
COC(=O)OC,307.84,2.2641,0.3211,0.0008,NaN,NaN,NaN,NaN,NaN,ester
COC(=O)OC,310.27,0.863,0.1431,0.9525,NaN,NaN,NaN,NaN,NaN,ester
COC(=O)OC,310.27,1.897,0.3019,0.9818,NaN,NaN,NaN,NaN,NaN,ester
COC(=O)OC,310.27,2.556,0.3919,0.9885,NaN,NaN,NaN,NaN,NaN,ester
COC(=O)OC,310.27,3.19,0.4809,0.9879,NaN,NaN,NaN,NaN,NaN,ester
COC(=O)OC,310.27,3.718,0.5473,0.9907,NaN,NaN,NaN,NaN,NaN,ester
COC(=O)OC,310.27,4.38,0.6273,0.9917,NaN,NaN,NaN,NaN,NaN,ester
COC(=O)OC,310.27,5.547,0.7648,0.993,NaN,NaN,NaN,NaN,NaN,ester
COC(=O)OC,310.27,6.714,0.8867,0.9931,NaN,NaN,NaN,NaN,NaN,ester
COC(=O)OC,310.27,7.246,0.929,0.9934,NaN,NaN,NaN,NaN,NaN,ester
COC(=O)OC,317.86,0.277,0.0375,0.0011,NaN,NaN,NaN,NaN,NaN,ester
COC(=O)OC,317.86,2.6333,0.3155,0.001,NaN,NaN,NaN,NaN,NaN,ester
COC(=O)OC,317.86,0.684,0.0911,0.001,NaN,NaN,NaN,NaN,NaN,ester
COC(=O)OC,317.86,3.2084,0.3763,0.0008,NaN,NaN,NaN,NaN,NaN,ester
COC(=O)OC,317.86,1.0298,0.1328,0.001,NaN,NaN,NaN,NaN,NaN,ester
COC(=O)OC,317.86,3.5851,0.417,0.0011,NaN,NaN,NaN,NaN,NaN,ester
COC(=O)OC,317.86,1.3335,0.1696,0.0009,NaN,NaN,NaN,NaN,NaN,ester
COC(=O)OC,317.86,4.04,0.4626,0.0009,NaN,NaN,NaN,NaN,NaN,ester
COC(=O)OC,317.86,1.6121,0.2014,0.0008,NaN,NaN,NaN,NaN,NaN,ester
COC(=O)OC,317.86,4.5459,0.5138,0.001,NaN,NaN,NaN,NaN,NaN,ester
COC(=O)OC,317.86,1.8987,0.2349,0.0012,NaN,NaN,NaN,NaN,NaN,ester
COC(=O)OC,317.86,5.107,0.5698,0.0009,NaN,NaN,NaN,NaN,NaN,ester
COC(=O)OC,317.86,2.2465,0.2741,0.0011,NaN,NaN,NaN,NaN,NaN,ester
COC(=O)OC,320.36,0.827,0.114,0.9388,NaN,NaN,NaN,NaN,NaN,ester
COC(=O)OC,320.36,1.664,0.225,0.9699,NaN,NaN,NaN,NaN,NaN,ester
COC(=O)OC,320.36,2.553,0.3356,0.9778,NaN,NaN,NaN,NaN,NaN,ester
COC(=O)OC,320.36,3.219,0.4144,0.985,NaN,NaN,NaN,NaN,NaN,ester
COC(=O)OC,320.36,4.25,0.5269,0.9881,NaN,NaN,NaN,NaN,NaN,ester
COC(=O)OC,320.36,5.757,0.682,0.9885,NaN,NaN,NaN,NaN,NaN,ester
COC(=O)OC,320.36,7.084,0.8162,0.9888,NaN,NaN,NaN,NaN,NaN,ester
COC(=O)OC,320.36,7.697,0.8597,0.9879,NaN,NaN,NaN,NaN,NaN,ester
COC(=O)OC,320.36,8.14,0.895,0.9866,NaN,NaN,NaN,NaN,NaN,ester
COC(=O)OC,327.66,0.5057,0.0581,0.001,NaN,NaN,NaN,NaN,NaN,ester
COC(=O)OC,327.66,3.088,0.3236,0.0011,NaN,NaN,NaN,NaN,NaN,ester
COC(=O)OC,327.66,0.7814,0.0898,0.0009,NaN,NaN,NaN,NaN,NaN,ester
COC(=O)OC,327.66,3.5401,0.3647,0.0011,NaN,NaN,NaN,NaN,NaN,ester
COC(=O)OC,327.66,1.0773,0.1215,0.0009,NaN,NaN,NaN,NaN,NaN,ester
COC(=O)OC,327.66,4.1076,0.416,0.0008,NaN,NaN,NaN,NaN,NaN,ester
COC(=O)OC,327.66,1.5649,0.1737,0.001,NaN,NaN,NaN,NaN,NaN,ester
COC(=O)OC,327.66,4.5669,0.458,0.0009,NaN,NaN,NaN,NaN,NaN,ester
COC(=O)OC,327.66,1.9119,0.2083,0.001,NaN,NaN,NaN,NaN,NaN,ester
COC(=O)OC,327.66,5.07,0.4999,0.0008,NaN,NaN,NaN,NaN,NaN,ester
COC(=O)OC,327.66,2.3621,0.254,0.0009,NaN,NaN,NaN,NaN,NaN,ester
COC(=O)OC,327.66,5.4761,0.5353,0.0008,NaN,NaN,NaN,NaN,NaN,ester
COC(=O)OC,327.66,2.752,0.2908,0.0008,NaN,NaN,NaN,NaN,NaN,ester
COC(=O)OC,330.3,1.237,0.1477,0.9587,NaN,NaN,NaN,NaN,NaN,ester
COC(=O)OC,330.3,2.509,0.2914,0.9755,NaN,NaN,NaN,NaN,NaN,ester
COC(=O)OC,330.3,3.438,0.3876,0.9812,NaN,NaN,NaN,NaN,NaN,ester
COC(=O)OC,330.3,4.299,0.4707,0.9828,NaN,NaN,NaN,NaN,NaN,ester
COC(=O)OC,330.3,6.136,0.6397,0.9844,NaN,NaN,NaN,NaN,NaN,ester
COC(=O)OC,330.3,5.218,0.5565,0.9842,NaN,NaN,NaN,NaN,NaN,ester
COC(=O)OC,330.3,7.403,0.749,0.9829,NaN,NaN,NaN,NaN,NaN,ester
COC(=O)OC,330.3,8.53,0.8307,0.9813,NaN,NaN,NaN,NaN,NaN,ester
COC(=O)OC,330.3,9.256,0.8954,0.9741,NaN,NaN,NaN,NaN,NaN,ester
COC(=O)OC,340.27,1.019,0.1076,0.9276,NaN,NaN,NaN,NaN,NaN,ester
COC(=O)OC,340.27,2.403,0.245,0.9645,NaN,NaN,NaN,NaN,NaN,ester
COC(=O)OC,340.27,3.684,0.3616,0.9741,NaN,NaN,NaN,NaN,NaN,ester
COC(=O)OC,340.27,4.866,0.4667,0.9773,NaN,NaN,NaN,NaN,NaN,ester
COC(=O)OC,340.27,5.852,0.5445,0.9786,NaN,NaN,NaN,NaN,NaN,ester
COC(=O)OC,340.27,7.082,0.6412,0.9787,NaN,NaN,NaN,NaN,NaN,ester
COC(=O)OC,340.27,8.269,0.7353,0.9776,NaN,NaN,NaN,NaN,NaN,ester
COC(=O)OC,340.27,9.413,0.8141,0.9727,NaN,NaN,NaN,NaN,NaN,ester
COC(=O)OC,340.27,9.996,0.8569,0.963,NaN,NaN,NaN,NaN,NaN,ester
COC1=C(C=CC(=C1)CC=C)O,308.15,1.48,0.116,0.9988,NaN,NaN,NaN,NaN,NaN,aromatic
COC1=C(C=CC(=C1)CC=C)O,308.15,2.825,0.2417,0.9987,NaN,NaN,NaN,NaN,NaN,aromatic
COC1=C(C=CC(=C1)CC=C)O,308.15,4.252,0.3695,0.9987,NaN,NaN,NaN,NaN,NaN,aromatic
COC1=C(C=CC(=C1)CC=C)O,308.15,5.617,0.4911,0.9987,NaN,NaN,NaN,NaN,NaN,aromatic
COC1=C(C=CC(=C1)CC=C)O,308.15,7.051,0.6232,0.9986,NaN,NaN,NaN,NaN,NaN,aromatic
COC1=C(C=CC(=C1)CC=C)O,308.15,8.41,0.7576,0.9837,NaN,NaN,NaN,NaN,NaN,aromatic
COC1=C(C=CC(=C1)CC=C)O,318.15,1.48,0.1006,0.9988,NaN,NaN,NaN,NaN,NaN,aromatic
COC1=C(C=CC(=C1)CC=C)O,318.15,2.825,0.1922,0.9987,NaN,NaN,NaN,NaN,NaN,aromatic
COC1=C(C=CC(=C1)CC=C)O,318.15,4.211,0.291,0.9986,NaN,NaN,NaN,NaN,NaN,aromatic
COC1=C(C=CC(=C1)CC=C)O,318.15,5.548,0.3951,0.9986,NaN,NaN,NaN,NaN,NaN,aromatic
COC1=C(C=CC(=C1)CC=C)O,318.15,7.113,0.5059,0.9986,NaN,NaN,NaN,NaN,NaN,aromatic
COC1=C(C=CC(=C1)CC=C)O,318.15,8.361,0.5926,0.9985,NaN,NaN,NaN,NaN,NaN,aromatic
COC1=C(C=CC(=C1)CC=C)O,318.15,9.761,0.6921,0.9959,NaN,NaN,NaN,NaN,NaN,aromatic
COC1=C(C=CC(=C1)CC=C)O,328.15,2.845,0.1725,0.9986,NaN,NaN,NaN,NaN,NaN,aromatic
COC1=C(C=CC(=C1)CC=C)O,328.15,4.238,0.2552,0.9986,NaN,NaN,NaN,NaN,NaN,aromatic
COC1=C(C=CC(=C1)CC=C)O,328.15,5.652,0.3479,0.9986,NaN,NaN,NaN,NaN,NaN,aromatic
COC1=C(C=CC(=C1)CC=C)O,328.15,7.065,0.4389,0.9985,NaN,NaN,NaN,NaN,NaN,aromatic
COC1=C(C=CC(=C1)CC=C)O,328.15,8.416,0.5107,0.9985,NaN,NaN,NaN,NaN,NaN,aromatic
COC1=C(C=CC(=C1)CC=C)O,328.15,9.706,0.5816,0.9985,NaN,NaN,NaN,NaN,NaN,aromatic
COC1=C(C=CC(=C1)CC=C)O,328.15,11.236,0.6562,0.9961,NaN,NaN,NaN,NaN,NaN,aromatic
COC1=C(C=CC(=C1)CC=C)O,328.15,12.512,0.704,0.9904,NaN,NaN,NaN,NaN,NaN,aromatic
COC1=CC=CC=C1,333.2,6.2,0.4627,0.9952,NaN,NaN,NaN,NaN,NaN,aromatic
COC1=CC=CC=C1,333.2,8.3,0.5916,0.9953,NaN,NaN,NaN,NaN,NaN,aromatic
COC1=CC=CC=C1,333.2,10.8,0.8434,0.9883,NaN,NaN,NaN,NaN,NaN,aromatic
COC1=CC=CC=C1,333.2,11.18,0.8919,0.9836,NaN,NaN,NaN,NaN,NaN,aromatic
COC1=CC=CC=C1,343.1,2.45,0.165,0.9901,NaN,NaN,NaN,NaN,NaN,aromatic
COC1=CC=CC=C1,343.1,5.17,0.326,0.9943,NaN,NaN,NaN,NaN,NaN,aromatic
COC1=CC=CC=C1,343.1,8.2,0.513,0.9937,NaN,NaN,NaN,NaN,NaN,aromatic
COC1=CC=CC=C1,343.1,10.65,0.666,0.9893,NaN,NaN,NaN,NaN,NaN,aromatic
COC1=CC=CC=C1,343.1,12.82,0.864,0.9652,NaN,NaN,NaN,NaN,NaN,aromatic
COC1=CC=CC=C1,363.3,4.125,0.233,0.9922,NaN,NaN,NaN,NaN,NaN,aromatic
COC1=CC=CC=C1,363.3,6.865,0.3632,0.9921,NaN,NaN,NaN,NaN,NaN,aromatic
COC1=CC=CC=C1,363.3,9.4,0.4766,0.9901,NaN,NaN,NaN,NaN,NaN,aromatic
COC1=CC=CC=C1,363.3,12.03,0.5844,0.9846,NaN,NaN,NaN,NaN,NaN,aromatic
COC1=CC=CC=C1,363.3,13.51,0.6641,0.9783,NaN,NaN,NaN,NaN,NaN,aromatic
COC1=CC=CC=C1,363.3,15.01,0.7398,0.9686,NaN,NaN,NaN,NaN,NaN,aromatic
COC1=CC=CC=C1,372.3,3.31,0.17,0.9875,NaN,NaN,NaN,NaN,NaN,aromatic
COC1=CC=CC=C1,372.3,7.37,0.357,0.989,NaN,NaN,NaN,NaN,NaN,aromatic
COC1=CC=CC=C1,372.3,11.37,0.524,0.9841,NaN,NaN,NaN,NaN,NaN,aromatic
COC1=CC=CC=C1,372.3,15.2,0.699,0.9679,NaN,NaN,NaN,NaN,NaN,aromatic
COC1=CC=CC=C1,372.3,16.81,0.795,0.9456,NaN,NaN,NaN,NaN,NaN,aromatic
COC1=CC=CC=C1,393.2,6.275,0.2658,0.9818,NaN,NaN,NaN,NaN,NaN,aromatic
COC1=CC=CC=C1,393.2,9.275,0.3679,0.9823,NaN,NaN,NaN,NaN,NaN,aromatic
COC1=CC=CC=C1,393.2,12.34,0.4708,0.9781,NaN,NaN,NaN,NaN,NaN,aromatic
COC1=CC=CC=C1,393.2,15.28,0.5819,0.9674,NaN,NaN,NaN,NaN,NaN,aromatic
COC1=CC=CC=C1,393.2,18.33,0.702,0.9511,NaN,NaN,NaN,NaN,NaN,aromatic
COCCO,322.9,1.41,0.086,0.9999,NaN,NaN,NaN,NaN,NaN,alcohol
COCCO,322.9,2.2,0.1316,0.9999,NaN,NaN,NaN,NaN,NaN,alcohol
COCCO,322.9,3.26,0.1961,0.9959,NaN,NaN,NaN,NaN,NaN,alcohol
COCCO,322.9,4.34,0.2675,0.9959,NaN,NaN,NaN,NaN,NaN,alcohol
COCCO,322.9,5.28,0.3348,0.9957,NaN,NaN,NaN,NaN,NaN,alcohol
COCCO,322.9,6.72,0.4579,0.9945,NaN,NaN,NaN,NaN,NaN,alcohol
COCCO,322.9,7.35,0.5222,0.9933,NaN,NaN,NaN,NaN,NaN,alcohol
COCCO,322.9,8.44,0.6834,0.9896,NaN,NaN,NaN,NaN,NaN,alcohol
COCCO,322.9,9.27,0.9002,0.9764,NaN,NaN,NaN,NaN,NaN,alcohol
COCCO,322.9,9.34,0.9383,0.973,NaN,NaN,NaN,NaN,NaN,alcohol
COCCO,322.9,9.4,0.9535,0.9638,NaN,NaN,NaN,NaN,NaN,alcohol
COCCO,329.8,1.32,0.073,0.9999,NaN,NaN,NaN,NaN,NaN,alcohol
COCCO,329.8,2.36,0.1255,0.9918,NaN,NaN,NaN,NaN,NaN,alcohol
COCCO,329.8,3.37,0.1795,0.9938,NaN,NaN,NaN,NaN,NaN,alcohol
COCCO,329.8,4.38,0.2396,0.9937,NaN,NaN,NaN,NaN,NaN,alcohol
COCCO,329.8,5.46,0.3055,0.9936,NaN,NaN,NaN,NaN,NaN,alcohol
COCCO,329.8,6.96,0.4197,0.9926,NaN,NaN,NaN,NaN,NaN,alcohol
COCCO,329.8,7.73,0.4834,0.9912,NaN,NaN,NaN,NaN,NaN,alcohol
COCCO,329.8,8.45,0.5518,0.9893,NaN,NaN,NaN,NaN,NaN,alcohol
COCCO,329.8,9.36,0.6606,0.9845,NaN,NaN,NaN,NaN,NaN,alcohol
COCCO,329.8,10.13,0.8233,0.9719,NaN,NaN,NaN,NaN,NaN,alcohol
COCCO,329.8,10.32,0.8877,0.9435,NaN,NaN,NaN,NaN,NaN,alcohol
COCCO,329.8,10.36,0.9141,0.9359,NaN,NaN,NaN,NaN,NaN,alcohol
COCCO,336.65,1.32,0.0673,0.9862,NaN,NaN,NaN,NaN,NaN,alcohol
COCCO,336.65,2.46,0.1211,0.9911,NaN,NaN,NaN,NaN,NaN,alcohol
COCCO,336.65,3.4,0.1669,0.9923,NaN,NaN,NaN,NaN,NaN,alcohol
COCCO,336.65,4.61,0.2319,0.9928,NaN,NaN,NaN,NaN,NaN,alcohol
COCCO,336.65,5.76,0.2965,0.9927,NaN,NaN,NaN,NaN,NaN,alcohol
COCCO,336.65,6.83,0.3626,0.9919,NaN,NaN,NaN,NaN,NaN,alcohol
COCCO,336.65,7.91,0.4368,0.9904,NaN,NaN,NaN,NaN,NaN,alcohol
COCCO,336.65,9.11,0.5327,0.9863,NaN,NaN,NaN,NaN,NaN,alcohol
COCCO,336.65,9.89,0.6081,0.9831,NaN,NaN,NaN,NaN,NaN,alcohol
COCCO,336.65,10.66,0.7168,0.9743,NaN,NaN,NaN,NaN,NaN,alcohol
COCCO,336.65,11.23,0.8244,0.9559,NaN,NaN,NaN,NaN,NaN,alcohol
COCCO,336.65,11.26,0.8414,0.9491,NaN,NaN,NaN,NaN,NaN,alcohol
COCCO,336.65,11.3,0.8585,0.9459,NaN,NaN,NaN,NaN,NaN,alcohol
COCCO,336.65,11.33,0.8753,0.936,NaN,NaN,NaN,NaN,NaN,alcohol
COCCO,336.65,11.35,0.9143,0.9316,NaN,NaN,NaN,NaN,NaN,alcohol
COCCO,336.65,11.38,0.9156,0.9266,NaN,NaN,NaN,NaN,NaN,alcohol
COCCO,343.7,1.19,0.0576,0.9997,NaN,NaN,NaN,NaN,NaN,alcohol
COCCO,343.7,2.61,0.1183,0.987,NaN,NaN,NaN,NaN,NaN,alcohol
COCCO,343.7,4.1,0.1878,0.9906,NaN,NaN,NaN,NaN,NaN,alcohol
COCCO,343.7,5.78,0.2715,0.9905,NaN,NaN,NaN,NaN,NaN,alcohol
COCCO,343.7,6.85,0.3298,0.9903,NaN,NaN,NaN,NaN,NaN,alcohol
COCCO,343.7,7.88,0.389,0.9884,NaN,NaN,NaN,NaN,NaN,alcohol
COCCO,343.7,8.3,0.4543,0.9865,NaN,NaN,NaN,NaN,NaN,alcohol
COCCO,343.7,10.02,0.5365,0.9826,NaN,NaN,NaN,NaN,NaN,alcohol
COCCO,343.7,11.01,0.6222,0.9757,NaN,NaN,NaN,NaN,NaN,alcohol
COCCO,343.7,11.5,0.6727,0.9694,NaN,NaN,NaN,NaN,NaN,alcohol
COCCO,343.7,11.96,0.7432,0.955,NaN,NaN,NaN,NaN,NaN,alcohol
COCCO,343.7,12.17,0.7845,0.9471,NaN,NaN,NaN,NaN,NaN,alcohol
COCCO,343.7,12.31,0.8144,0.9341,NaN,NaN,NaN,NaN,NaN,alcohol
COCCO,343.7,12.37,0.8371,0.9229,NaN,NaN,NaN,NaN,NaN,alcohol
COCCO,343.7,12.4,0.8976,0.9105,NaN,NaN,NaN,NaN,NaN,alcohol
COCCOC,253.15,0.361,0.3085,0.998681,NaN,NaN,NaN,NaN,NaN,ether
COCCOC,253.15,0.517,0.4057,0.999009,NaN,NaN,NaN,NaN,NaN,ether
COCCOC,253.15,0.715,0.5213,0.999241,NaN,NaN,NaN,NaN,NaN,ether
COCCOC,253.15,0.825,0.5645,0.99946,NaN,NaN,NaN,NaN,NaN,ether
COCCOC,253.15,0.915,0.6107,0.99958,NaN,NaN,NaN,NaN,NaN,ether
COCCOC,253.15,1.005,0.6462,0.999665,NaN,NaN,NaN,NaN,NaN,ether
COCCOC,253.15,1.208,0.7355,0.999735,NaN,NaN,NaN,NaN,NaN,ether
COCCOC,253.15,1.343,0.776,0.999798,NaN,NaN,NaN,NaN,NaN,ether
COCCOC,253.15,1.52,0.8564,0.999828,NaN,NaN,NaN,NaN,NaN,ether
COCCOC,253.15,1.607,0.8829,0.999858,NaN,NaN,NaN,NaN,NaN,ether
COCCOC,253.15,1.74,0.915,0.999903,NaN,NaN,NaN,NaN,NaN,ether
O=C1OC(CC)CO1,278.27,0.1201,0.0311,0.0006,NaN,NaN,NaN,NaN,NaN,ester
O=C1OC(CC)CO1,278.27,1.0431,0.2522,0.0009,NaN,NaN,NaN,NaN,NaN,ester
O=C1OC(CC)CO1,278.27,0.4111,0.099,0.0005,NaN,NaN,NaN,NaN,NaN,ester
O=C1OC(CC)CO1,278.27,1.2751,0.3017,0.0008,NaN,NaN,NaN,NaN,NaN,ester
O=C1OC(CC)CO1,278.27,0.5391,0.1293,0.0005,NaN,NaN,NaN,NaN,NaN,ester
O=C1OC(CC)CO1,278.27,1.5211,0.3526,0.0007,NaN,NaN,NaN,NaN,NaN,ester
O=C1OC(CC)CO1,278.27,0.6641,0.1602,0.0004,NaN,NaN,NaN,NaN,NaN,ester
O=C1OC(CC)CO1,278.27,1.7291,0.397,0.0006,NaN,NaN,NaN,NaN,NaN,ester
O=C1OC(CC)CO1,278.27,0.7961,0.1945,0.0004,NaN,NaN,NaN,NaN,NaN,ester
O=C1OC(CC)CO1,278.27,2.0081,0.4517,0.0008,NaN,NaN,NaN,NaN,NaN,ester
O=C1OC(CC)CO1,278.27,0.9121,0.2205,0.0003,NaN,NaN,NaN,NaN,NaN,ester
O=C1OC(CC)CO1,288.42,0.2161,0.0412,0.0005,NaN,NaN,NaN,NaN,NaN,ester
O=C1OC(CC)CO1,288.42,1.8311,0.3138,0.0005,NaN,NaN,NaN,NaN,NaN,ester
O=C1OC(CC)CO1,288.42,0.4251,0.0779,0.0004,NaN,NaN,NaN,NaN,NaN,ester
O=C1OC(CC)CO1,288.42,2.1361,0.3638,0.0005,NaN,NaN,NaN,NaN,NaN,ester
O=C1OC(CC)CO1,288.42,0.7011,0.1278,0.0004,NaN,NaN,NaN,NaN,NaN,ester
O=C1OC(CC)CO1,288.42,2.3441,0.396,0.0004,NaN,NaN,NaN,NaN,NaN,ester
O=C1OC(CC)CO1,288.42,0.8931,0.1612,0.0003,NaN,NaN,NaN,NaN,NaN,ester
O=C1OC(CC)CO1,288.42,2.7521,0.4539,0.0008,NaN,NaN,NaN,NaN,NaN,ester
O=C1OC(CC)CO1,288.42,1.1201,0.2004,0.0003,NaN,NaN,NaN,NaN,NaN,ester
O=C1OC(CC)CO1,288.42,3.1321,0.4993,0.0007,NaN,NaN,NaN,NaN,NaN,ester
O=C1OC(CC)CO1,288.42,1.3901,0.2425,0.0007,NaN,NaN,NaN,NaN,NaN,ester
O=C1OC(CC)CO1,288.42,3.5041,0.5491,0.0006,NaN,NaN,NaN,NaN,NaN,ester
O=C1OC(CC)CO1,288.42,1.6161,0.2807,0.0006,NaN,NaN,NaN,NaN,NaN,ester
O=C1OC(CC)CO1,297.81,0.1591,0.0218,0.0003,NaN,NaN,NaN,NaN,NaN,ester
O=C1OC(CC)CO1,297.81,2.0261,0.2529,0.0005,NaN,NaN,NaN,NaN,NaN,ester
O=C1OC(CC)CO1,297.81,0.4381,0.0579,0.0003,NaN,NaN,NaN,NaN,NaN,ester
O=C1OC(CC)CO1,297.81,2.3111,0.286,0.0004,NaN,NaN,NaN,NaN,NaN,ester
O=C1OC(CC)CO1,297.81,0.6341,0.0831,0.0002,NaN,NaN,NaN,NaN,NaN,ester
O=C1OC(CC)CO1,297.81,2.7481,0.3414,0.001,NaN,NaN,NaN,NaN,NaN,ester
O=C1OC(CC)CO1,297.81,0.8071,0.1058,0.0002,NaN,NaN,NaN,NaN,NaN,ester
O=C1OC(CC)CO1,297.81,3.4931,0.4159,0.0008,NaN,NaN,NaN,NaN,NaN,ester
O=C1OC(CC)CO1,297.81,1.0671,0.1374,0.0007,NaN,NaN,NaN,NaN,NaN,ester
O=C1OC(CC)CO1,297.81,3.8161,0.4489,0.0007,NaN,NaN,NaN,NaN,NaN,ester
O=C1OC(CC)CO1,297.81,1.3621,0.1748,0.0006,NaN,NaN,NaN,NaN,NaN,ester
O=C1OC(CC)CO1,297.81,4.1211,0.4813,0.0006,NaN,NaN,NaN,NaN,NaN,ester
O=C1OC(CC)CO1,297.81,1.5941,0.2038,0.0006,NaN,NaN,NaN,NaN,NaN,ester
O=C1OC(CC)CO1,297.81,4.2931,0.5025,0.0005,NaN,NaN,NaN,NaN,NaN,ester
O=C1OC(CC)CO1,297.81,1.8691,0.2351,0.0005,NaN,NaN,NaN,NaN,NaN,ester
O=C1OC(CC)CO1,307.69,0.2981,0.0328,0.0002,NaN,NaN,NaN,NaN,NaN,ester
O=C1OC(CC)CO1,307.69,3.0141,0.3082,0.0008,NaN,NaN,NaN,NaN,NaN,ester
O=C1OC(CC)CO1,307.69,0.5801,0.0632,0.0002,NaN,NaN,NaN,NaN,NaN,ester
O=C1OC(CC)CO1,307.69,3.6741,0.3663,0.0007,NaN,NaN,NaN,NaN,NaN,ester
O=C1OC(CC)CO1,307.69,0.7301,0.0808,0.0002,NaN,NaN,NaN,NaN,NaN,ester
O=C1OC(CC)CO1,307.69,4.0071,0.3962,0.0006,NaN,NaN,NaN,NaN,NaN,ester
O=C1OC(CC)CO1,307.69,0.9211,0.1009,0.0001,NaN,NaN,NaN,NaN,NaN,ester
O=C1OC(CC)CO1,307.69,4.4031,0.4273,0.0005,NaN,NaN,NaN,NaN,NaN,ester
O=C1OC(CC)CO1,307.69,1.3141,0.1433,0.0004,NaN,NaN,NaN,NaN,NaN,ester
O=C1OC(CC)CO1,307.69,4.7361,0.456,0.0008,NaN,NaN,NaN,NaN,NaN,ester
O=C1OC(CC)CO1,307.69,1.6991,0.1838,0.0004,NaN,NaN,NaN,NaN,NaN,ester
O=C1OC(CC)CO1,307.69,5.4541,0.517,0.0006,NaN,NaN,NaN,NaN,NaN,ester
O=C1OC(CC)CO1,307.69,1.9521,0.2086,0.0003,NaN,NaN,NaN,NaN,NaN,ester
O=C1OC(CC)CO1,307.69,2.1661,0.2316,0.0003,NaN,NaN,NaN,NaN,NaN,ester
O=C1OC(CC)CO1,317.65,0.1671,0.0185,0.0003,NaN,NaN,NaN,NaN,NaN,ester
O=C1OC(CC)CO1,317.65,2.9741,0.2615,0.0006,NaN,NaN,NaN,NaN,NaN,ester
O=C1OC(CC)CO1,317.65,0.4851,0.0484,0.0003,NaN,NaN,NaN,NaN,NaN,ester
O=C1OC(CC)CO1,317.65,3.4211,0.2948,0.0005,NaN,NaN,NaN,NaN,NaN,ester
O=C1OC(CC)CO1,317.65,1.0261,0.0977,0.0002,NaN,NaN,NaN,NaN,NaN,ester
O=C1OC(CC)CO1,317.65,3.8921,0.3301,0.0004,NaN,NaN,NaN,NaN,NaN,ester
O=C1OC(CC)CO1,317.65,1.3411,0.1267,0.0002,NaN,NaN,NaN,NaN,NaN,ester
O=C1OC(CC)CO1,317.65,4.5521,0.3749,0.0006,NaN,NaN,NaN,NaN,NaN,ester
O=C1OC(CC)CO1,317.65,1.8911,0.1768,0.0007,NaN,NaN,NaN,NaN,NaN,ester
O=C1OC(CC)CO1,317.65,5.1061,0.4147,0.0005,NaN,NaN,NaN,NaN,NaN,ester
O=C1OC(CC)CO1,317.65,2.4011,0.2161,0.0006,NaN,NaN,NaN,NaN,NaN,ester
O=C1OC(CC)CO1,327.66,0.445,0.0355,0.0004,NaN,NaN,NaN,NaN,NaN,ester
O=C1OC(CC)CO1,327.66,3.692,0.2758,0.0006,NaN,NaN,NaN,NaN,NaN,ester
O=C1OC(CC)CO1,327.66,0.897,0.0715,0.0003,NaN,NaN,NaN,NaN,NaN,ester
O=C1OC(CC)CO1,327.66,4.179,0.307,0.0005,NaN,NaN,NaN,NaN,NaN,ester
O=C1OC(CC)CO1,327.66,1.352,0.1064,0.0003,NaN,NaN,NaN,NaN,NaN,ester
O=C1OC(CC)CO1,327.66,4.795,0.3465,0.0006,NaN,NaN,NaN,NaN,NaN,ester
O=C1OC(CC)CO1,327.66,1.83,0.1442,0.0002,NaN,NaN,NaN,NaN,NaN,ester
O=C1OC(CC)CO1,327.66,5.443,0.3842,0.0005,NaN,NaN,NaN,NaN,NaN,ester
O=C1OC(CC)CO1,327.66,2.105,0.1646,0.0002,NaN,NaN,NaN,NaN,NaN,ester
O=C1OC(CC)CO1,327.66,5.905,0.41,0.0005,NaN,NaN,NaN,NaN,NaN,ester
O=C1OC(CC)CO1,327.66,2.781,0.2157,0.0007,NaN,NaN,NaN,NaN,NaN,ester
O=C1OC(CC)CO1,327.66,3.352,0.2549,0.0006,NaN,NaN,NaN,NaN,NaN,ester
OCCO,288.15,0.1738,0.0272,0.0014,NaN,NaN,NaN,NaN,NaN,alcohol
OCCO,288.15,1.8379,0.2873,0.0011,NaN,NaN,NaN,NaN,NaN,alcohol
OCCO,288.15,0.4257,0.0665,0.0012,NaN,NaN,NaN,NaN,NaN,alcohol
OCCO,288.15,2.2927,0.3584,0.0004,NaN,NaN,NaN,NaN,NaN,alcohol
OCCO,288.15,0.7643,0.1195,0.0011,NaN,NaN,NaN,NaN,NaN,alcohol
OCCO,288.15,2.7202,0.4252,0.001,NaN,NaN,NaN,NaN,NaN,alcohol
OCCO,288.15,1.0908,0.1705,0.0012,NaN,NaN,NaN,NaN,NaN,alcohol
OCCO,288.15,3.2588,0.5094,0.0008,NaN,NaN,NaN,NaN,NaN,alcohol
OCCO,288.15,1.4158,0.2213,0.0012,NaN,NaN,NaN,NaN,NaN,alcohol
OCCO,288.15,3.7908,0.5926,0.0007,NaN,NaN,NaN,NaN,NaN,alcohol
OCCO,298.15,0.3291,0.0344,0.0004,NaN,NaN,NaN,NaN,NaN,alcohol
OCCO,298.15,2.2632,0.2366,0.0007,NaN,NaN,NaN,NaN,NaN,alcohol
OCCO,298.15,0.6339,0.0663,0.0004,NaN,NaN,NaN,NaN,NaN,alcohol
OCCO,298.15,2.689,0.2811,0.0006,NaN,NaN,NaN,NaN,NaN,alcohol
OCCO,298.15,1.0264,0.1073,0.0003,NaN,NaN,NaN,NaN,NaN,alcohol
OCCO,298.15,3.1415,0.3284,0.0005,NaN,NaN,NaN,NaN,NaN,alcohol
OCCO,298.15,1.4368,0.1502,0.0003,NaN,NaN,NaN,NaN,NaN,alcohol
OCCO,298.15,3.5913,0.3754,0.0008,NaN,NaN,NaN,NaN,NaN,alcohol
OCCO,298.15,1.7709,0.1851,0.0008,NaN,NaN,NaN,NaN,NaN,alcohol
OCCO,298.15,4.0717,0.4256,0.0011,NaN,NaN,NaN,NaN,NaN,alcohol
OCCO,308.15,0.2725,0.022,0.0006,NaN,NaN,NaN,NaN,NaN,alcohol
OCCO,308.15,3.0911,0.2494,0.0009,NaN,NaN,NaN,NaN,NaN,alcohol
OCCO,308.15,0.5713,0.0461,0.0009,NaN,NaN,NaN,NaN,NaN,alcohol
OCCO,308.15,3.5236,0.2843,0.0011,NaN,NaN,NaN,NaN,NaN,alcohol
OCCO,308.15,0.9762,0.0788,0.0011,NaN,NaN,NaN,NaN,NaN,alcohol
OCCO,308.15,3.9405,0.318,0.0003,NaN,NaN,NaN,NaN,NaN,alcohol
OCCO,308.15,1.3158,0.1062,0.001,NaN,NaN,NaN,NaN,NaN,alcohol
OCCO,308.15,4.4413,0.3584,0.0002,NaN,NaN,NaN,NaN,NaN,alcohol
OCCO,308.15,1.7729,0.1431,0.0011,NaN,NaN,NaN,NaN,NaN,alcohol
OCCO,308.15,4.8009,0.3874,0.0006,NaN,NaN,NaN,NaN,NaN,alcohol
OCCO,308.15,2.1641,0.1746,0.0009,NaN,NaN,NaN,NaN,NaN,alcohol
OCCO,308.15,5.2753,0.4257,0.0005,NaN,NaN,NaN,NaN,NaN,alcohol
OCCO,308.15,2.6625,0.2149,0.0012,NaN,NaN,NaN,NaN,NaN,alcohol
OCCO,318.15,0.1253,0.0082,0.0012,NaN,NaN,NaN,NaN,NaN,alcohol
OCCO,318.15,3.1264,0.2044,0.001,NaN,NaN,NaN,NaN,NaN,alcohol
OCCO,318.15,0.48,0.0314,0.0011,NaN,NaN,NaN,NaN,NaN,alcohol
OCCO,318.15,3.5783,0.2339,0.0008,NaN,NaN,NaN,NaN,NaN,alcohol
OCCO,318.15,0.9422,0.0616,0.0004,NaN,NaN,NaN,NaN,NaN,alcohol
OCCO,318.15,4.0316,0.2635,0.0011,NaN,NaN,NaN,NaN,NaN,alcohol
OCCO,318.15,1.3905,0.0909,0.001,NaN,NaN,NaN,NaN,NaN,alcohol
OCCO,318.15,4.5937,0.3003,0.0013,NaN,NaN,NaN,NaN,NaN,alcohol
OCCO,318.15,1.7236,0.1127,0.0008,NaN,NaN,NaN,NaN,NaN,alcohol
OCCO,318.15,5.0512,0.3302,0.0009,NaN,NaN,NaN,NaN,NaN,alcohol
OCCO,318.15,2.0005,0.1308,0.0013,NaN,NaN,NaN,NaN,NaN,alcohol
OCCO,318.15,5.4271,0.3548,0.0009,NaN,NaN,NaN,NaN,NaN,alcohol
OCCO,318.15,2.5772,0.1685,0.0008,NaN,NaN,NaN,NaN,NaN,alcohol
